atomid,Cnt
d100_16,1
d108_16,1
d108_22,1
d109_1,1
d109_13,1
d109_5,1
d10_13,1
d10_14,1
d111_10,1
d111_15,1
d111_19,1
d111_20,1
d112_13,1
d113_11,1
d114_11,1
d114_2,1
d118_12,1
d118_2,1
d118_4,1
d118_6,1
d11_12,1
d121_17,1
d122_16,1
d122_27,1
d122_32,1
d124_9,1
d128_6,1
d129_1,1
d130_15,1
d130_16,1
d131_9,1
d132_11,1
d132_2,1
d133_10,1
d135_34,1
d135_40,1
d136_13,1
d136_18,1
d136_7,1
d137_10,1
d137_12,1
d137_15,1
d137_21,1
d137_45,1
d137_51,1
d137_57,1
d137_60,1
d137_69,1
d137_74,1
d137_79,1
d138_11,1
d138_12,1
d139_30,1
d13_24,1
d13_31,1
d140_36,1
d140_39,1
d140_4,1
d140_40,1
d141_13,1
d142_11,1
d142_13,1
d142_14,1
d142_4,1
d143_22,1
d143_4,1
d143_5,1
d144_2,1
d144_33,1
d145_25,1
d145_28,1
d145_31,1
d146_10,1
d146_12,1
d146_3,1
d147_29,1
d147_3,1
d147_31,1
d148_17,1
d149_11,1
d149_13,1
d149_31,1
d14_14,1
d150_12,1
d150_18,1
d151_10,1
d151_11,1
d151_13,1
d151_9,1
d152_24,1
d152_30,1
d153_10,1
d153_12,1
d154_16,1
d154_26,1
d154_9,1
d155_25,1
d155_30,1
d155_4,1
d155_42,1
d155_44,1
d155_48,1
d155_49,1
d156_10,1
d156_18,1
d156_19,1
d156_20,1
d156_22,1
d156_29,1
d156_40,1
d156_45,1
d157_24,1
d158_1,1
d15_12,1
d160_10,1
d160_13,1
d160_5,1
d160_6,1
d160_7,1
d161_26,1
d162_11,1
d162_16,1
d162_21,1
d162_22,1
d163_12,1
d163_20,1
d163_23,1
d163_8,1
d164_12,1
d164_18,1
d164_24,1
d164_25,1
d164_28,1
d164_29,1
d164_38,1
d164_5,1
d164_7,1
d165_14,1
d165_25,1
d167_13,1
d168_18,1
d169_12,1
d16_13,1
d16_4,1
d170_12,1
d170_4,1
d171_29,1
d172_2,1
d172_3,1
d172_4,1
d172_5,1
d173_40,1
d173_64,1
d174_12,1
d174_15,1
d174_18,1
d174_6,1
d174_9,1
d175_20,1
d175_23,1
d177_11,1
d177_25,1
d177_32,1
d177_39,1
d177_4,1
d177_9,1
d17_4,1
d180_19,1
d180_9,1
d181_13,1
d182_12,1
d182_21,1
d182_24,1
d182_26,1
d182_32,1
d183_11,1
d183_30,1
d183_32,1
d183_36,1
d183_38,1
d183_4,1
d183_56,1
d186a_101,1
d186a_13,1
d186a_34,1
d186a_36,1
d186a_4,1
d186a_48,1
d186a_51,1
d186a_6,1
d186a_88,1
d186a_91,1
d186a_93,1
d186b_54,1
d187_11,1
d187_13,1
d189_21,1
d18_21,1
d18_4,1
d191_16,1
d192_13,1
d192_23,1
d193_2,1
d193_5,1
d194_1,1
d196_5,1
d199_13,1
d199_24,1
d19_4,1
d1_13,1
d1_4,1
d201_11,1
d201_20,1
d201_4,1
d201_7,1
d201_9,1
d203_2,1
d203_4,1
d203_6,1
d205_16,1
d205_3,1
d205_4,1
d205_5,1
d205_6,1
d207_12,1
d207_23,1
d208_2_2,1
d208_2_3,1
d208_2_4,1
d208_2_5,1
d209_10,1
d209_11,1
d209_5,1
d20_10,1
d211_16,1
d211_17,1
d211_2,1
d212_18,1
d212_2,1
d212_22,1
d212_23,1
d212_24,1
d212_28,1
d212_39,1
d212_42,1
d213_15,1
d215_2,1
d216_16,1
d216_3,1
d216_4,1
d216_5,1
d216_6,1
d217_12,1
d217_2,1
d218_17,1
d219_17,1
d219_18,1
d21_11,1
d21_20,1
d221_17,1
d221_21,1
d221_22,1
d221_23,1
d221_34,1
d221_36,1
d221_4,1
d222_26,1
d225a_25,1
d225b_25,1
d226_2,1
d227_1,1
d22_12,1
d22_23,1
d230_1,1
d231_12,1
d232_7,1
d233_13,1
d233_18,1
d233_23,1
d234_2,1
d234_7,1
d234_8,1
d235_14,1
d235_16,1
d235_3,1
d237_13,1
d237_3,1
d237_4,1
d238_18,1
d238_21,1
d238_27,1
d23_1_11,1
d23_1_21,1
d23_2_12,1
d23_2_16,1
d23_2_20,1
d23_2_21,1
d240_3,1
d240_8,1
d241_3,1
d241_6,1
d242_19,1
d243_10,1
d244_3,1
d244_5,1
d245_10,1
d246_27,1
d246_28,1
d246_32,1
d246_68,1
d246_71,1
d247_16,1
d247_17,1
d247_3,1
d24_11,1
d24_21,1
d250_1,1
d251_1,1
d251_11,1
d251_19,1
d251_3,1
d252_10,1
d252_7,1
d253_12,1
d253_7,1
d254_3,1
d254_8,1
d256_1,1
d256_10,1
d256_14,1
d256_18,1
d256_19,1
d256_9,1
d257_10,1
d257_19,1
d257_20,1
d257_29,1
d257_6,1
d258_13,1
d258_3,1
d258_8,1
d260_12,1
d260_2,1
d260_6,1
d262_2,1
d263_1,1
d263_6,1
d264_10,1
d264_19,1
d264_20,1
d264_24,1
d264_32,1
d264_6,1
d265_2,1
d265_4,1
d265_6,1
d266_17,1
d266_2,1
d266_26,1
d266_4,1
d266_6,1
d267_14,1
d267_18,1
d267_7,1
d268_2,1
d269_10,1
d269_19,1
d269_20,1
d269_23,1
d269_25,1
d269_6,1
d270_11,1
d270_14,1
d270_19,1
d270_2,1
d270_20,1
d270_35,1
d270_43,1
d270_5,1
d271_18,1
d271_2,1
d271_26,1
d271_7,1
d271_9,1
d277_15,1
d277_4,1
d278_15,1
d278_4,1
d279_4,1
d27_1,1
d27_8,1
d280_14,1
d280_15,1
d280_17,1
d280_4,1
d282_7,1
d283_8,1
d284_10,1
d285_10,1
d287_19,1
d287_3,1
d287_5,1
d288_11,1
d28_5,1
d28_8,1
d290_16,1
d290_4,1
d291_3,1
d293_11,1
d293_13,1
d293_4,1
d294_10,1
d294_17,1
d294_4,1
d296_4,1
d297_103,1
d297_110,1
d297_117,1
d297_124,1
d297_132,1
d297_139,1
d297_14,1
d297_146,1
d297_153,1
d297_160,1
d297_21,1
d297_28,1
d297_35,1
d297_42,1
d297_46,1
d297_52,1
d297_59,1
d297_66,1
d297_73,1
d297_8,1
d297_80,1
d297_87,1
d297_89,1
d297_96,1
d298_11,1
d298_13,1
d298_4,1
d299_11,1
d299_12,1
d29a_14,1
d29a_15,1
d29a_16,1
d29a_18,1
d29b_14,1
d29b_15,1
d29b_16,1
d29b_18,1
d2_11,1
d2_4,1
d301_2,1
d301_4,1
d302_1,1
d302_6,1
d303_11,1
d304a_24,1
d304a_25,1
d304a_9,1
d304b_19,1
d304b_20,1
d304b_8,1
d305_11,1
d305_24,1
d306_11,1
d307_2,1
d308_14,1
d308_4,1
d309_3,1
d309_6,1
d311_30,1
d312_4,1
d312_9,1
d313_17,1
d313_20,1
d313_28,1
d313_9,1
d314_10,1
d314_11,1
d314_2,1
d314_4,1
d314_6,1
d314_7,1
d315_13,1
d315_24,1
d316_7,1
d318_13,1
d318_31,1
d318_33,1
d31a_10,1
d31a_20,1
d31a_25,1
d31b_1,1
d320_12,1
d321_1,1
d321_2,1
d321_3,1
d322_13,1
d322_15,1
d322_16,1
d322_17,1
d322_18,1
d322_22,1
d322_23,1
d322_31,1
d322_32,1
d322_37,1
d322_41,1
d322_44,1
d322_45,1
d322_47,1
d322_49,1
d322_56,1
d322_7,1
d323_10,1
d323_11,1
d323_12,1
d323_14,1
d323_32,1
d324_20,1
d324_33,1
d324_35,1
d324_36,1
d324_37,1
d324_4,1
d324_46,1
d325_10,1
d326_11,1
d327_13,1
d327_2,1
d327_23,1
d327_24,1
d327_25,1
d327_35,1
d327_37,1
d328b_1,1
d328b_2,1
d329_15,1
d329_18,1
d329_20,1
d329_27,1
d329_28,1
d329_29,1
d329_38,1
d329_4,1
d329_55,1
d329_56,1
d329_57,1
d329_67,1
d32a_10,1
d32b_1,1
d330_15,1
d330_19,1
d330_20,1
d330_21,1
d330_24,1
d330_35,1
d330_39,1
d330_45,1
d330_49,1
d330_50,1
d330_51,1
d330_55,1
d330_67,1
d330_68,1
d330_71,1
d330_79,1
d330_84,1
d331_14,1
d331_4,1
d333_10,1
d334_11,1
d334_17,1
d334_24,1
d336_11,1
d34_23,1
d36a_11,1
d36a_25,1
d36a_27,1
d36a_35,1
d37_10,1
d37_19,1
d37_24,1
d37_25,1
d37_30,1
d37_31,1
d37_33,1
d3_13,1
d3_4,1
d40_11,1
d43_11,1
d43_4,1
d44_15,1
d46_13,1
d46_14,1
d47_17,1
d47_28,1
d47_30,1
d48_19,1
d49_11,1
d4_14,1
d50_3,1
d50_5,1
d51_11,1
d51_12,1
d51_13,1
d51_14,1
d52_12,1
d53_10,1
d54_10,1
d56_10,1
d57_10,1
d58_10,1
d58_19,1
d58_43,1
d59_12,1
d61_12,1
d61_14,1
d61_18,1
d62_10,1
d62_12,1
d62_4,1
d63_17,1
d64_23,1
d64_4,1
d65_10,1
d65_13,1
d65_14,1
d66_11,1
d66_12,1
d66_22,1
d66_36,1
d66_8,1
d66_9,1
d70_11,1
d70_16,1
d71_12,1
d71_14,1
d71_15,1
d72_12,1
d74_12,1
d76_13,1
d76_17,1
d76_26,1
d76_27,1
d76_28,1
d76_32,1
d76_39,1
d77_2,1
d77_21,1
d77_22,1
d77_34,1
d77_46,1
d77_47,1
d77_59,1
d78_15,1
d78_22,1
d78_31,1
d79_4,1
d7_14,1
d7_20,1
d80_4,1
d82_13,1
d82_14,1
d82_16,1
d85_1_13,1
d85_1_15,1
d85_1_16,1
d85_1_8,1
d85_2_13,1
d85_2_15,1
d85_2_16,1
d85_2_8,1
d86a_9,1
d86b_8,1
d87_14,1
d87_17,1
d87_18,1
d87_9,1
d88_9,1
d89_18,1
d89_22,1
d8_20,1
d8_26,1
d91_1,1
d93_7,1
d97_11,1
d97_22,1
d97_24,1
d98_10,1
d98_8,1
d99_13,1
d99_7,1
d9_15,1
d100_1,2
d100_11,2
d100_12,2
d100_13,2
d100_14,2
d100_15,2
d100_2,2
d100_21,2
d100_22,2
d100_3,2
d100_4,2
d100_5,2
d100_6,2
d101_1,2
d101_2,2
d101_3,2
d101_4,2
d101_8,2
d101_9,2
d105_2,2
d106_1,2
d106_10,2
d106_2,2
d106_3,2
d106_4,2
d106_8,2
d106_9,2
d108_1,2
d108_11,2
d108_12,2
d108_13,2
d108_14,2
d108_15,2
d108_2,2
d108_3,2
d108_4,2
d108_5,2
d108_6,2
d109_10,2
d109_11,2
d109_12,2
d109_16,2
d109_2,2
d109_20,2
d109_3,2
d109_4,2
d109_6,2
d109_7,2
d109_8,2
d109_9,2
d10_1,2
d10_12,2
d10_2,2
d10_3,2
d10_4,2
d10_5,2
d10_6,2
d110_1,2
d110_2,2
d110_3,2
d110_4,2
d110_5,2
d110_6,2
d111_1,2
d111_11,2
d111_12,2
d111_13,2
d111_14,2
d111_2,2
d111_3,2
d111_4,2
d111_5,2
d111_6,2
d112_1,2
d112_2,2
d112_4,2
d112_7,2
d113_1,2
d113_12,2
d113_13,2
d113_14,2
d113_15,2
d113_16,2
d113_2,2
d113_3,2
d113_4,2
d113_5,2
d113_6,2
d114_1,2
d114_10,2
d114_3,2
d114_4,2
d114_5,2
d114_6,2
d114_8,2
d115_1,2
d116_1,2
d116_11,2
d116_12,2
d116_13,2
d116_14,2
d116_15,2
d116_16,2
d116_2,2
d116_21,2
d116_3,2
d116_4,2
d116_5,2
d116_6,2
d117_1,2
d117_2,2
d117_23,2
d117_4,2
d117_5,2
d117_6,2
d117_7,2
d117_9,2
d118_1,2
d118_10,2
d118_11,2
d118_17,2
d118_3,2
d118_5,2
d118_7,2
d118_8,2
d118_9,2
d11_1,2
d11_10,2
d11_11,2
d11_2,2
d11_3,2
d11_4,2
d11_5,2
d11_6,2
d120_1,2
d120_2,2
d120_3,2
d120_4,2
d120_5,2
d120_6,2
d121_1,2
d121_4,2
d121_5,2
d121_6,2
d121_7,2
d121_9,2
d122_1,2
d122_11,2
d122_12,2
d122_13,2
d122_14,2
d122_15,2
d122_2,2
d122_3,2
d122_4,2
d122_5,2
d122_6,2
d123_18,2
d123_19,2
d123_20,2
d123_9,2
d124_10,2
d124_11,2
d124_12,2
d124_13,2
d124_14,2
d124_2,2
d124_3,2
d125_1,2
d125_11,2
d125_12,2
d125_13,2
d125_14,2
d125_15,2
d125_16,2
d125_2,2
d125_21,2
d125_3,2
d125_4,2
d125_5,2
d125_6,2
d127_1,2
d127_12,2
d127_2,2
d127_3,2
d127_4,2
d127_5,2
d127_6,2
d128_10,2
d128_23,2
d128_8,2
d129_2,2
d129_4,2
d12_1,2
d12_10,2
d12_11,2
d12_2,2
d12_3,2
d12_4,2
d12_5,2
d12_6,2
d130_1,2
d130_11,2
d130_13,2
d130_2,2
d130_3,2
d130_4,2
d130_5,2
d130_6,2
d131_1,2
d131_16,2
d131_2,2
d131_3,2
d131_4,2
d131_5,2
d131_6,2
d132_1,2
d132_12,2
d132_13,2
d132_14,2
d132_15,2
d132_16,2
d132_27,2
d132_3,2
d132_4,2
d132_5,2
d132_6,2
d133_1,2
d133_2,2
d133_3,2
d133_4,2
d133_5,2
d133_6,2
d134_1,2
d134_2,2
d134_3,2
d134_4,2
d134_5,2
d134_6,2
d135_1,2
d135_11,2
d135_2,2
d135_3,2
d135_39,2
d135_4,2
d135_5,2
d135_6,2
d136_15,2
d136_3,2
d136_9,2
d137_1,2
d137_2,2
d137_20,2
d137_28,2
d137_3,2
d137_4,2
d137_43,2
d137_5,2
d137_59,2
d137_6,2
d137_61,2
d137_62,2
d137_63,2
d137_64,2
d137_65,2
d138_1,2
d138_2,2
d138_3,2
d138_4,2
d138_5,2
d138_6,2
d139_27,2
d139_33,2
d13_1,2
d13_10,2
d13_11,2
d13_12,2
d13_2,2
d13_3,2
d13_4,2
d13_5,2
d13_6,2
d140_1,2
d140_10,2
d140_18,2
d140_2,2
d140_3,2
d140_38,2
d140_5,2
d140_6,2
d140_9,2
d141_1,2
d141_16,2
d141_2,2
d141_3,2
d141_4,2
d141_5,2
d141_6,2
d142_1,2
d142_12,2
d142_2,2
d142_3,2
d142_5,2
d142_6,2
d143_1,2
d143_10,2
d143_2,2
d143_21,2
d143_3,2
d143_6,2
d143_7,2
d143_8,2
d143_9,2
d144_30,2
d144_31,2
d145_1,2
d145_11,2
d145_2,2
d145_24,2
d145_3,2
d145_34,2
d145_35,2
d145_36,2
d145_37,2
d145_38,2
d145_4,2
d145_5,2
d145_6,2
d146_1,2
d146_2,2
d146_23,2
d146_4,2
d146_5,2
d146_6,2
d148_1,2
d148_2,2
d148_3,2
d148_4,2
d148_5,2
d148_6,2
d149_1,2
d149_14,2
d149_15,2
d149_16,2
d149_17,2
d149_18,2
d149_2,2
d149_3,2
d149_4,2
d149_5,2
d149_6,2
d14_1,2
d14_12,2
d14_13,2
d14_15,2
d14_16,2
d14_17,2
d14_18,2
d14_19,2
d14_2,2
d14_3,2
d14_4,2
d14_5,2
d14_6,2
d150_1,2
d150_11,2
d150_17,2
d150_2,2
d150_3,2
d150_4,2
d150_5,2
d150_6,2
d151_1,2
d151_12,2
d151_2,2
d151_3,2
d151_4,2
d151_5,2
d151_6,2
d152_1,2
d152_13,2
d152_14,2
d152_17,2
d152_18,2
d152_19,2
d152_2,2
d152_20,2
d152_26,2
d152_28,2
d152_3,2
d152_4,2
d152_5,2
d152_6,2
d153_1,2
d153_2,2
d153_3,2
d153_4,2
d153_5,2
d153_6,2
d154_1,2
d154_2,2
d154_22,2
d154_25,2
d154_3,2
d154_4,2
d154_5,2
d154_6,2
d155_1,2
d155_10,2
d155_11,2
d155_12,2
d155_14,2
d155_16,2
d155_19,2
d155_2,2
d155_20,2
d155_21,2
d155_3,2
d155_32,2
d155_47,2
d155_5,2
d155_6,2
d156_1,2
d156_17,2
d156_2,2
d156_21,2
d156_23,2
d156_24,2
d156_3,2
d156_32,2
d156_33,2
d156_4,2
d156_5,2
d156_6,2
d156_9,2
d157_1,2
d157_12,2
d157_13,2
d157_14,2
d157_15,2
d157_16,2
d157_17,2
d157_2,2
d157_23,2
d157_3,2
d157_30,2
d157_4,2
d157_5,2
d157_6,2
d159_1,2
d159_11,2
d159_18,2
d159_19,2
d159_2,2
d159_20,2
d159_3,2
d159_4,2
d159_41,2
d159_5,2
d159_6,2
d15_1,2
d15_15,2
d15_16,2
d15_17,2
d15_18,2
d15_19,2
d15_2,2
d15_24,2
d15_25,2
d15_3,2
d15_4,2
d15_5,2
d15_6,2
d160_2,2
d160_3,2
d160_4,2
d161_1,2
d161_2,2
d161_3,2
d161_4,2
d161_5,2
d161_6,2
d162_1,2
d162_12,2
d162_13,2
d162_14,2
d162_15,2
d162_2,2
d162_3,2
d162_4,2
d162_5,2
d162_6,2
d163_14,2
d163_17,2
d163_18,2
d163_3,2
d163_6,2
d163_7,2
d164_11,2
d164_6,2
d165_1,2
d165_13,2
d165_15,2
d165_16,2
d165_17,2
d165_18,2
d165_19,2
d165_2,2
d165_3,2
d165_4,2
d165_5,2
d165_6,2
d166_12,2
d166_2,2
d166_9,2
d167_1,2
d167_2,2
d167_20,2
d167_3,2
d167_4,2
d167_5,2
d167_6,2
d169_1,2
d169_2,2
d169_3,2
d169_4,2
d169_5,2
d169_6,2
d16_1,2
d16_11,2
d16_12,2
d16_14,2
d16_15,2
d16_16,2
d16_17,2
d16_18,2
d16_2,2
d16_23,2
d16_3,2
d16_5,2
d16_6,2
d170_1,2
d170_11,2
d170_13,2
d170_2,2
d170_3,2
d170_5,2
d170_6,2
d171_1,2
d171_16,2
d171_17,2
d171_18,2
d171_2,2
d171_3,2
d171_4,2
d171_5,2
d171_6,2
d172_10,2
d172_16,2
d172_17,2
d172_18,2
d172_19,2
d172_20,2
d172_26,2
d172_27,2
d172_28,2
d172_29,2
d172_30,2
d172_6,2
d172_7,2
d172_8,2
d172_9,2
d173_16,2
d173_34,2
d173_4,2
d173_61,2
d174_1,2
d175_1,2
d175_16,2
d175_19,2
d175_2,2
d175_21,2
d175_22,2
d175_24,2
d175_3,2
d175_4,2
d175_5,2
d175_6,2
d176_1,2
d176_11,2
d176_13,2
d176_14,2
d176_15,2
d176_2,2
d176_3,2
d176_4,2
d176_5,2
d176_6,2
d177_1,2
d177_2,2
d177_3,2
d177_5,2
d177_6,2
d178_1,2
d179_1,2
d179_18,2
d179_19,2
d179_2,2
d179_21,2
d179_3,2
d179_4,2
d179_5,2
d179_6,2
d17_1,2
d17_10,2
d17_11,2
d17_12,2
d17_13,2
d17_17,2
d17_18,2
d17_2,2
d17_3,2
d17_5,2
d17_6,2
d180_1,2
d180_17,2
d180_18,2
d180_2,2
d180_3,2
d180_4,2
d180_5,2
d180_6,2
d180_7,2
d180_8,2
d181_1,2
d181_2,2
d181_3,2
d181_4,2
d181_5,2
d181_6,2
d182_1,2
d182_14,2
d182_18,2
d182_2,2
d182_3,2
d182_30,2
d182_4,2
d182_5,2
d182_6,2
d183_1,2
d183_12,2
d183_17,2
d183_18,2
d183_23,2
d183_24,2
d183_25,2
d183_3,2
d183_41,2
d183_5,2
d183_51,2
d183_52,2
d183_6,2
d184_1,2
d184_2,2
d184_20,2
d184_3,2
d184_4,2
d184_5,2
d184_6,2
d185_3,2
d185_6,2
d186a_14,2
d186a_35,2
d186a_66,2
d186a_68,2
d186a_92,2
d186b_51,2
d187_1,2
d187_16,2
d187_2,2
d187_3,2
d187_4,2
d187_5,2
d187_6,2
d188a_1,2
d188a_2,2
d188a_3,2
d188a_4,2
d188a_5,2
d188a_6,2
d188b_1,2
d188b_2,2
d188b_3,2
d188b_4,2
d188b_5,2
d188b_6,2
d188c_1,2
d188c_2,2
d188c_3,2
d188c_4,2
d188c_5,2
d188c_6,2
d188d_1,2
d188d_2,2
d188d_3,2
d188d_4,2
d188d_5,2
d188d_6,2
d189_1,2
d189_14,2
d189_2,2
d189_3,2
d189_4,2
d189_5,2
d189_6,2
d18_1,2
d18_10,2
d18_2,2
d18_3,2
d18_5,2
d18_8,2
d18_9,2
d190_1,2
d190_2,2
d190_3,2
d190_4,2
d190_5,2
d190_6,2
d191_12,2
d191_18,2
d191_21,2
d192_1,2
d192_11,2
d192_12,2
d192_15,2
d192_18,2
d192_2,2
d192_25,2
d192_26,2
d192_27,2
d192_28,2
d192_29,2
d192_3,2
d192_4,2
d192_5,2
d192_6,2
d195_1,2
d195_2,2
d195_3,2
d195_4,2
d195_5,2
d195_6,2
d195_7,2
d195_8,2
d196_1,2
d196_2,2
d196_3,2
d196_4,2
d196_6,2
d197_1,2
d197_12,2
d197_13,2
d197_14,2
d197_15,2
d197_16,2
d197_17,2
d197_2,2
d197_23,2
d197_25,2
d197_27,2
d197_3,2
d197_4,2
d197_5,2
d197_6,2
d198_10,2
d198_6,2
d198_9,2
d199_1,2
d199_12,2
d199_14,2
d199_15,2
d199_16,2
d199_17,2
d199_18,2
d199_2,2
d199_3,2
d199_4,2
d199_5,2
d199_6,2
d19_1,2
d19_10,2
d19_11,2
d19_12,2
d19_13,2
d19_16,2
d19_2,2
d19_22,2
d19_3,2
d19_5,2
d19_6,2
d1_1,2
d1_11,2
d1_12,2
d1_14,2
d1_15,2
d1_16,2
d1_17,2
d1_18,2
d1_2,2
d1_24,2
d1_3,2
d1_5,2
d1_6,2
d200_1,2
d200_12,2
d200_2,2
d200_3,2
d200_4,2
d200_5,2
d200_6,2
d201_1,2
d201_10,2
d201_12,2
d201_13,2
d201_14,2
d201_15,2
d201_16,2
d201_17,2
d201_19,2
d201_2,2
d201_21,2
d201_22,2
d201_23,2
d201_24,2
d201_25,2
d201_3,2
d201_5,2
d201_6,2
d201_8,2
d202_3,2
d202_4,2
d202_5,2
d203_1,2
d203_3,2
d203_5,2
d203_7,2
d203_8,2
d203_9,2
d204_6,2
d204_7,2
d205_1,2
d205_17,2
d205_7,2
d206_10,2
d206_4,2
d206_5,2
d206_8,2
d207_1,2
d207_11,2
d207_14,2
d207_17,2
d207_2,2
d207_22,2
d207_25,2
d207_28,2
d207_3,2
d207_4,2
d207_5,2
d207_6,2
d208_1_2,2
d208_1_3,2
d208_1_5,2
d208_1_6,2
d208_1_7,2
d208_2_23,2
d208_2_24,2
d208_2_39,2
d208_2_40,2
d208_2_55,2
d208_2_56,2
d208_2_6,2
d208_2_7,2
d209_1,2
d209_18,2
d209_19,2
d209_2,2
d209_3,2
d209_4,2
d209_6,2
d20_1,2
d20_11,2
d20_12,2
d20_2,2
d20_3,2
d20_4,2
d20_5,2
d20_6,2
d210_1,2
d210_15,2
d210_16,2
d210_17,2
d210_2,2
d210_3,2
d210_4,2
d210_5,2
d210_6,2
d211_15,2
d211_18,2
d211_19,2
d212_1,2
d212_10,2
d212_11,2
d212_12,2
d212_25,2
d212_26,2
d212_27,2
d212_29,2
d212_3,2
d212_31,2
d212_32,2
d212_33,2
d212_34,2
d212_4,2
d212_5,2
d212_6,2
d212_9,2
d213_1,2
d213_11,2
d213_12,2
d213_2,2
d213_3,2
d213_4,2
d213_5,2
d213_6,2
d214_17,2
d214_19,2
d214_20,2
d214_21,2
d215_1,2
d215_17,2
d215_18,2
d215_3,2
d215_4,2
d215_5,2
d215_6,2
d216_1,2
d216_17,2
d216_7,2
d217_1,2
d217_13,2
d217_15,2
d217_16,2
d217_3,2
d217_4,2
d217_5,2
d217_6,2
d218_16,2
d218_6,2
d219_16,2
d219_19,2
d219_20,2
d219_6,2
d21_1,2
d21_12,2
d21_13,2
d21_14,2
d21_15,2
d21_16,2
d21_2,2
d21_23,2
d21_3,2
d21_4,2
d21_5,2
d21_6,2
d220a_1,2
d220a_15,2
d220a_16,2
d220a_2,2
d220a_3,2
d220a_4,2
d220a_5,2
d220a_6,2
d220b_1,2
d220b_14,2
d220b_15,2
d220b_2,2
d220b_3,2
d220b_4,2
d220b_5,2
d220b_6,2
d221_1,2
d221_10,2
d221_11,2
d221_12,2
d221_13,2
d221_2,2
d221_24,2
d221_25,2
d221_26,2
d221_27,2
d221_28,2
d221_3,2
d221_5,2
d221_6,2
d222_1,2
d222_2,2
d222_27,2
d222_28,2
d222_3,2
d222_4,2
d222_5,2
d222_6,2
d222_9,2
d223_1,2
d223_12,2
d223_13,2
d223_14,2
d223_2,2
d223_3,2
d223_4,2
d223_5,2
d223_6,2
d224_2,2
d224_3,2
d225a_10,2
d225a_16,2
d225a_2,2
d225a_23,2
d225a_28,2
d225b_10,2
d225b_2,2
d225b_28,2
d226_1,2
d226_3,2
d226_4,2
d226_5,2
d226_6,2
d22_1,2
d22_13,2
d22_14,2
d22_15,2
d22_16,2
d22_17,2
d22_2,2
d22_22,2
d22_3,2
d22_4,2
d22_5,2
d22_6,2
d230_2,2
d230_3,2
d231_1,2
d231_11,2
d231_13,2
d231_15,2
d231_16,2
d231_2,2
d231_26,2
d231_29,2
d231_3,2
d231_34,2
d231_4,2
d231_5,2
d231_52,2
d231_6,2
d232_2,2
d233_1,2
d233_12,2
d233_14,2
d233_2,2
d233_3,2
d233_4,2
d233_5,2
d233_6,2
d236_2,2
d237_14,2
d237_15,2
d238_1,2
d238_2,2
d238_26,2
d238_3,2
d238_4,2
d238_5,2
d238_6,2
d23_1_1,2
d23_1_12,2
d23_1_13,2
d23_1_14,2
d23_1_15,2
d23_1_16,2
d23_1_2,2
d23_1_22,2
d23_1_23,2
d23_1_3,2
d23_1_4,2
d23_1_5,2
d23_1_6,2
d23_2_1,2
d23_2_13,2
d23_2_14,2
d23_2_15,2
d23_2_17,2
d23_2_2,2
d23_2_22,2
d23_2_23,2
d23_2_3,2
d23_2_4,2
d23_2_5,2
d23_2_6,2
d240_2,2
d242_18,2
d245_2,2
d246_1,2
d246_11,2
d246_2,2
d246_26,2
d246_3,2
d246_30,2
d246_31,2
d246_33,2
d246_34,2
d246_4,2
d246_41,2
d246_47,2
d246_5,2
d246_6,2
d246_70,2
d246_73,2
d246_74,2
d246_75,2
d246_76,2
d246_77,2
d246_82,2
d247_6,2
d248_1,2
d248_3,2
d248_4,2
d249_2,2
d24_1,2
d24_12,2
d24_13,2
d24_14,2
d24_15,2
d24_16,2
d24_2,2
d24_22,2
d24_23,2
d24_3,2
d24_4,2
d24_5,2
d24_6,2
d252_2,2
d254_12,2
d254_15,2
d254_2,2
d256_11,2
d256_12,2
d256_2,2
d256_3,2
d256_4,2
d256_5,2
d256_6,2
d257_21,2
d257_22,2
d257_23,2
d257_24,2
d257_25,2
d258_14,2
d258_19,2
d258_21,2
d258_23,2
d259_1,2
d259_12,2
d259_2,2
d259_3,2
d259_4,2
d259_5,2
d259_6,2
d25_1,2
d25_11,2
d25_2,2
d25_3,2
d25_4,2
d25_5,2
d25_6,2
d260_10,2
d260_11,2
d260_13,2
d260_24,2
d260_3,2
d260_7,2
d262_1,2
d264_21,2
d264_22,2
d264_23,2
d264_25,2
d264_29,2
d264_30,2
d264_31,2
d265_11,2
d265_8,2
d266_25,2
d266_8,2
d267_1,2
d268_1,2
d268_3,2
d268_4,2
d268_5,2
d268_6,2
d269_21,2
d269_22,2
d269_24,2
d26_1,2
d26_2,2
d26_3,2
d26_4,2
d26_5,2
d26_6,2
d26_9,2
d271_14,2
d271_15,2
d277_18,2
d277_19,2
d277_2,2
d277_20,2
d277_21,2
d277_22,2
d277_27,2
d277_5,2
d277_6,2
d277_7,2
d277_8,2
d277_9,2
d278_14,2
d278_16,2
d278_17,2
d278_18,2
d278_19,2
d278_2,2
d278_20,2
d278_25,2
d278_5,2
d278_6,2
d278_7,2
d278_8,2
d278_9,2
d279_2,2
d279_5,2
d279_6,2
d279_7,2
d279_8,2
d279_9,2
d27_15,2
d27_16,2
d27_17,2
d27_18,2
d27_20,2
d27_3,2
d27_4,2
d27_5,2
d280_2,2
d280_5,2
d280_6,2
d280_7,2
d280_8,2
d280_9,2
d281_3,2
d281_4,2
d281_5,2
d282_6,2
d283_2,2
d283_5,2
d284_2,2
d284_5,2
d284_8,2
d285_2,2
d285_9,2
d286_3,2
d287_21,2
d288_10,2
d288_14,2
d288_18,2
d288_3,2
d289_10,2
d289_2,2
d28_1,2
d28_10,2
d28_11,2
d28_2,2
d28_3,2
d28_4,2
d28_6,2
d28_7,2
d28_9,2
d290_1,2
d290_11,2
d290_12,2
d290_13,2
d290_2,2
d290_3,2
d290_5,2
d290_6,2
d291_2,2
d292_1,2
d292_13,2
d292_14,2
d292_2,2
d292_9,2
d293_1,2
d293_12,2
d293_2,2
d293_3,2
d293_5,2
d293_6,2
d294_1,2
d294_11,2
d294_12,2
d294_13,2
d294_2,2
d294_3,2
d294_5,2
d294_6,2
d295_2,2
d296_1,2
d296_11,2
d296_12,2
d296_13,2
d296_14,2
d296_2,2
d296_3,2
d296_5,2
d296_6,2
d297_11,2
d297_129,2
d297_163,2
d297_181,2
d297_182,2
d297_49,2
d297_93,2
d298_1,2
d298_12,2
d298_14,2
d298_15,2
d298_16,2
d298_17,2
d298_18,2
d298_2,2
d298_3,2
d298_31,2
d298_5,2
d298_6,2
d299_1,2
d299_2,2
d299_3,2
d299_4,2
d299_5,2
d299_6,2
d29a_1,2
d29a_2,2
d29a_3,2
d29a_4,2
d29a_5,2
d29a_6,2
d29b_1,2
d29b_2,2
d29b_3,2
d29b_4,2
d29b_5,2
d29b_6,2
d2_1,2
d2_12,2
d2_13,2
d2_14,2
d2_15,2
d2_16,2
d2_17,2
d2_2,2
d2_28,2
d2_3,2
d2_5,2
d2_6,2
d300_3,2
d302_3,2
d303_1,2
d303_12,2
d303_2,2
d303_3,2
d303_4,2
d303_5,2
d303_6,2
d304a_1,2
d304a_2,2
d304a_3,2
d304a_4,2
d304a_5,2
d304a_6,2
d304b_1,2
d304b_2,2
d304b_3,2
d304b_4,2
d304b_5,2
d304b_6,2
d305_1,2
d305_14,2
d305_15,2
d305_16,2
d305_17,2
d305_18,2
d305_2,2
d305_3,2
d305_4,2
d305_5,2
d305_6,2
d306_1,2
d308_1,2
d308_13,2
d308_2,2
d308_3,2
d308_5,2
d308_6,2
d30_1,2
d30_11,2
d30_2,2
d30_3,2
d30_4,2
d30_5,2
d30_6,2
d310_1,2
d311_1,2
d311_17,2
d311_18,2
d311_2,2
d311_28,2
d311_3,2
d311_4,2
d311_5,2
d311_6,2
d312_1,2
d312_2,2
d312_3,2
d312_5,2
d312_6,2
d312_7,2
d312_8,2
d313_1,2
d313_10,2
d313_11,2
d313_12,2
d313_13,2
d313_14,2
d313_2,2
d313_3,2
d313_4,2
d313_5,2
d313_6,2
d314_1,2
d314_12,2
d314_13,2
d314_14,2
d314_15,2
d314_16,2
d314_22,2
d314_23,2
d314_24,2
d314_3,2
d314_5,2
d314_8,2
d314_9,2
d315_1,2
d315_12,2
d315_14,2
d315_15,2
d315_16,2
d315_17,2
d315_2,2
d315_25,2
d315_26,2
d315_27,2
d315_3,2
d315_4,2
d315_5,2
d315_6,2
d316_1,2
d316_2,2
d316_3,2
d316_4,2
d316_5,2
d316_6,2
d318_1,2
d318_10,2
d318_11,2
d318_15,2
d318_16,2
d318_17,2
d318_18,2
d318_19,2
d318_2,2
d318_23,2
d318_25,2
d318_3,2
d318_4,2
d318_5,2
d318_6,2
d31a_1,2
d31a_11,2
d31a_12,2
d31a_13,2
d31a_14,2
d31a_15,2
d31a_19,2
d31a_2,2
d31a_3,2
d31a_30,2
d31a_4,2
d31a_5,2
d31a_6,2
d320_1,2
d320_11,2
d320_13,2
d320_2,2
d320_3,2
d320_4,2
d320_5,2
d320_6,2
d322_1,2
d322_10,2
d322_11,2
d322_12,2
d322_14,2
d322_19,2
d322_2,2
d322_20,2
d322_21,2
d322_24,2
d322_25,2
d322_26,2
d322_27,2
d322_28,2
d322_3,2
d322_39,2
d322_4,2
d322_40,2
d322_42,2
d322_43,2
d322_46,2
d322_5,2
d322_50,2
d322_51,2
d322_52,2
d322_53,2
d322_54,2
d322_6,2
d322_8,2
d322_9,2
d323_1,2
d323_13,2
d323_15,2
d323_16,2
d323_17,2
d323_2,2
d323_20,2
d323_21,2
d323_22,2
d323_23,2
d323_3,2
d323_33,2
d323_4,2
d323_5,2
d323_6,2
d324_1,2
d324_11,2
d324_12,2
d324_13,2
d324_14,2
d324_16,2
d324_17,2
d324_18,2
d324_19,2
d324_2,2
d324_21,2
d324_26,2
d324_27,2
d324_3,2
d324_30,2
d324_38,2
d324_39,2
d324_40,2
d324_41,2
d324_42,2
d324_5,2
d324_51,2
d324_6,2
d325_1,2
d325_11,2
d325_12,2
d325_2,2
d325_3,2
d325_4,2
d325_5,2
d325_6,2
d326_1,2
d326_12,2
d326_13,2
d326_2,2
d326_3,2
d326_4,2
d326_5,2
d326_6,2
d327_1,2
d327_11,2
d327_14,2
d327_15,2
d327_16,2
d327_17,2
d327_18,2
d327_26,2
d327_27,2
d327_28,2
d327_29,2
d327_3,2
d327_30,2
d327_34,2
d327_4,2
d327_5,2
d327_6,2
d329_1,2
d329_10,2
d329_11,2
d329_12,2
d329_2,2
d329_3,2
d329_30,2
d329_31,2
d329_32,2
d329_33,2
d329_34,2
d329_39,2
d329_40,2
d329_41,2
d329_42,2
d329_43,2
d329_5,2
d329_58,2
d329_59,2
d329_6,2
d329_60,2
d329_61,2
d329_62,2
d329_68,2
d329_69,2
d329_70,2
d329_71,2
d329_72,2
d329_73,2
d329_74,2
d329_9,2
d32a_1,2
d32a_11,2
d32a_12,2
d32a_13,2
d32a_14,2
d32a_15,2
d32a_19,2
d32a_2,2
d32a_20,2
d32a_3,2
d32a_4,2
d32a_5,2
d32a_6,2
d330_1,2
d330_10,2
d330_11,2
d330_12,2
d330_13,2
d330_14,2
d330_2,2
d330_22,2
d330_23,2
d330_25,2
d330_26,2
d330_28,2
d330_29,2
d330_3,2
d330_30,2
d330_31,2
d330_4,2
d330_41,2
d330_5,2
d330_52,2
d330_53,2
d330_54,2
d330_56,2
d330_58,2
d330_59,2
d330_6,2
d330_60,2
d330_61,2
d330_69,2
d331_1,2
d331_11,2
d331_12,2
d331_13,2
d331_2,2
d331_3,2
d331_5,2
d331_6,2
d332_1,2
d333_1,2
d333_11,2
d333_12,2
d333_13,2
d333_14,2
d333_15,2
d333_2,2
d333_23,2
d333_28,2
d333_3,2
d333_4,2
d333_5,2
d333_6,2
d334_1,2
d334_10,2
d334_12,2
d334_2,2
d334_3,2
d334_4,2
d334_5,2
d334_6,2
d335_1,2
d335_11,2
d335_12,2
d335_2,2
d335_3,2
d335_4,2
d335_5,2
d335_6,2
d336_1,2
d336_16,2
d336_2,2
d336_3,2
d336_4,2
d336_5,2
d336_6,2
d33_1,2
d33_12,2
d33_2,2
d33_3,2
d33_4,2
d33_5,2
d33_6,2
d34_1,2
d34_12,2
d34_13,2
d34_14,2
d34_15,2
d34_16,2
d34_17,2
d34_2,2
d34_3,2
d34_4,2
d34_5,2
d34_6,2
d35_1,2
d35_10,2
d35_2,2
d35_3,2
d35_4,2
d35_5,2
d35_6,2
d36a_1,2
d36a_10,2
d36a_12,2
d36a_13,2
d36a_14,2
d36a_17,2
d36a_18,2
d36a_19,2
d36a_2,2
d36a_20,2
d36a_3,2
d36a_4,2
d36a_5,2
d36a_6,2
d36a_9,2
d37_1,2
d37_11,2
d37_12,2
d37_13,2
d37_14,2
d37_15,2
d37_2,2
d37_3,2
d37_4,2
d37_5,2
d37_6,2
d38_1,2
d38_14,2
d38_15,2
d38_2,2
d38_3,2
d38_4,2
d38_5,2
d38_6,2
d39_1,2
d39_10,2
d39_15,2
d39_2,2
d39_3,2
d39_4,2
d39_5,2
d39_6,2
d3_1,2
d3_11,2
d3_12,2
d3_14,2
d3_15,2
d3_16,2
d3_17,2
d3_18,2
d3_2,2
d3_27,2
d3_3,2
d3_5,2
d3_6,2
d40_1,2
d40_12,2
d40_13,2
d40_14,2
d40_15,2
d40_16,2
d40_2,2
d40_22,2
d40_23,2
d40_3,2
d40_4,2
d40_5,2
d40_6,2
d41_1,2
d41_13,2
d41_16,2
d41_17,2
d41_2,2
d41_3,2
d41_4,2
d41_5,2
d41_6,2
d42_1,2
d42_10,2
d42_2,2
d42_3,2
d42_4,2
d42_5,2
d42_6,2
d43_1,2
d43_10,2
d43_12,2
d43_13,2
d43_14,2
d43_15,2
d43_16,2
d43_2,2
d43_21,2
d43_22,2
d43_27,2
d43_28,2
d43_3,2
d43_5,2
d43_6,2
d43_9,2
d44_1,2
d44_10,2
d44_2,2
d44_3,2
d44_4,2
d44_5,2
d44_6,2
d45_1,2
d45_10,2
d45_2,2
d45_3,2
d45_4,2
d45_5,2
d45_6,2
d45_9,2
d46_1,2
d46_10,2
d46_15,2
d46_2,2
d46_3,2
d46_4,2
d46_5,2
d46_6,2
d47_1,2
d47_12,2
d47_13,2
d47_14,2
d47_15,2
d47_16,2
d47_2,2
d47_20,2
d47_21,2
d47_22,2
d47_23,2
d47_3,2
d47_4,2
d47_5,2
d47_6,2
d48_1,2
d48_10,2
d48_11,2
d48_18,2
d48_2,2
d48_3,2
d48_4,2
d48_5,2
d48_6,2
d49_1,2
d49_10,2
d49_12,2
d49_2,2
d49_3,2
d49_4,2
d49_5,2
d49_6,2
d4_1,2
d4_11,2
d4_2,2
d4_3,2
d4_4,2
d4_5,2
d4_6,2
d50_1,2
d50_2,2
d50_4,2
d50_6,2
d50_7,2
d51_1,2
d51_2,2
d51_3,2
d51_4,2
d51_5,2
d51_6,2
d52_1,2
d52_13,2
d52_14,2
d52_15,2
d52_16,2
d52_17,2
d52_2,2
d52_22,2
d52_3,2
d52_4,2
d52_5,2
d52_6,2
d53_1,2
d53_12,2
d53_2,2
d53_3,2
d53_4,2
d53_5,2
d53_6,2
d53_9,2
d54_1,2
d54_16,2
d54_17,2
d54_2,2
d54_20,2
d54_3,2
d54_4,2
d54_5,2
d54_6,2
d55_1,2
d55_10,2
d55_11,2
d55_12,2
d55_2,2
d55_3,2
d55_4,2
d55_5,2
d55_6,2
d56_1,2
d56_11,2
d56_12,2
d56_2,2
d56_3,2
d56_4,2
d56_5,2
d56_6,2
d57_1,2
d57_11,2
d57_12,2
d57_2,2
d57_3,2
d57_4,2
d57_5,2
d57_6,2
d58_1,2
d58_11,2
d58_12,2
d58_13,2
d58_14,2
d58_15,2
d58_2,2
d58_20,2
d58_21,2
d58_22,2
d58_23,2
d58_24,2
d58_3,2
d58_34,2
d58_35,2
d58_36,2
d58_4,2
d58_5,2
d58_6,2
d59_1,2
d59_11,2
d59_2,2
d59_3,2
d59_4,2
d59_5,2
d59_6,2
d5_1,2
d5_10,2
d5_11,2
d5_2,2
d5_3,2
d5_4,2
d5_5,2
d5_6,2
d60_1,2
d60_11,2
d60_2,2
d60_3,2
d60_4,2
d60_5,2
d60_6,2
d61_1,2
d61_11,2
d61_2,2
d61_3,2
d61_4,2
d61_5,2
d61_6,2
d62_1,2
d62_11,2
d62_13,2
d62_15,2
d62_16,2
d62_17,2
d62_18,2
d62_2,2
d62_22,2
d62_23,2
d62_3,2
d62_5,2
d62_6,2
d63_1,2
d63_10,2
d63_11,2
d63_12,2
d63_2,2
d63_3,2
d63_4,2
d63_5,2
d63_6,2
d64_1,2
d64_11,2
d64_12,2
d64_13,2
d64_14,2
d64_18,2
d64_19,2
d64_2,2
d64_20,2
d64_21,2
d64_22,2
d64_29,2
d64_3,2
d64_5,2
d64_6,2
d65_1,2
d65_11,2
d65_2,2
d65_3,2
d65_4,2
d65_5,2
d65_6,2
d66_1,2
d66_10,2
d66_13,2
d66_14,2
d66_15,2
d66_16,2
d66_17,2
d66_18,2
d66_19,2
d66_2,2
d66_20,2
d66_21,2
d66_3,2
d66_4,2
d66_5,2
d66_51,2
d66_6,2
d66_7,2
d67_1,2
d67_11,2
d67_12,2
d67_18,2
d67_2,2
d67_3,2
d67_4,2
d67_5,2
d67_6,2
d68_1,2
d68_10,2
d68_11,2
d68_2,2
d68_3,2
d68_4,2
d68_5,2
d68_6,2
d69_1,2
d69_10,2
d69_2,2
d69_3,2
d69_4,2
d69_5,2
d69_6,2
d6_1,2
d6_14,2
d6_2,2
d6_3,2
d6_4,2
d6_5,2
d6_6,2
d6_9,2
d70_1,2
d70_10,2
d70_2,2
d70_3,2
d70_4,2
d70_5,2
d70_6,2
d71_1,2
d71_11,2
d71_2,2
d71_3,2
d71_4,2
d71_5,2
d71_6,2
d72_1,2
d72_10,2
d72_11,2
d72_13,2
d72_2,2
d72_3,2
d72_4,2
d72_5,2
d72_6,2
d73_1,2
d73_10,2
d73_11,2
d73_12,2
d73_2,2
d73_3,2
d73_4,2
d73_5,2
d73_6,2
d74_1,2
d74_13,2
d74_14,2
d74_15,2
d74_16,2
d74_17,2
d74_2,2
d74_22,2
d74_23,2
d74_3,2
d74_4,2
d74_5,2
d74_6,2
d75_1,2
d75_10,2
d75_15,2
d75_2,2
d75_3,2
d75_4,2
d75_5,2
d75_6,2
d76_1,2
d76_12,2
d76_14,2
d76_15,2
d76_16,2
d76_2,2
d76_20,2
d76_21,2
d76_22,2
d76_23,2
d76_3,2
d76_4,2
d76_5,2
d76_6,2
d77_1,2
d77_10,2
d77_11,2
d77_12,2
d77_13,2
d77_14,2
d77_15,2
d77_24,2
d77_25,2
d77_26,2
d77_3,2
d77_35,2
d77_36,2
d77_37,2
d77_38,2
d77_39,2
d77_4,2
d77_49,2
d77_5,2
d77_55,2
d77_58,2
d77_6,2
d77_60,2
d77_61,2
d77_62,2
d77_63,2
d77_64,2
d78_1,2
d78_10,2
d78_2,2
d78_25,2
d78_26,2
d78_3,2
d78_4,2
d78_5,2
d78_6,2
d79_1,2
d79_11,2
d79_12,2
d79_13,2
d79_14,2
d79_18,2
d79_2,2
d79_23,2
d79_3,2
d79_5,2
d79_6,2
d7_1,2
d7_10,2
d7_11,2
d7_12,2
d7_13,2
d7_15,2
d7_2,2
d7_21,2
d7_22,2
d7_23,2
d7_24,2
d7_25,2
d7_3,2
d7_30,2
d7_31,2
d7_33,2
d7_34,2
d7_4,2
d7_5,2
d7_6,2
d80_1,2
d80_11,2
d80_12,2
d80_13,2
d80_14,2
d80_18,2
d80_2,2
d80_3,2
d80_5,2
d80_6,2
d81_1,2
d81_11,2
d81_12,2
d81_2,2
d81_3,2
d81_4,2
d81_5,2
d81_6,2
d82_1,2
d82_11,2
d82_12,2
d82_15,2
d82_2,2
d82_29,2
d82_3,2
d82_4,2
d82_5,2
d82_6,2
d83_1,2
d83_13,2
d83_17,2
d83_2,2
d83_3,2
d83_4,2
d83_5,2
d83_6,2
d85_1_1,2
d85_1_10,2
d85_1_11,2
d85_1_12,2
d85_1_2,2
d85_1_3,2
d85_1_4,2
d85_1_5,2
d85_1_6,2
d85_1_9,2
d85_2_1,2
d85_2_10,2
d85_2_11,2
d85_2_12,2
d85_2_2,2
d85_2_3,2
d85_2_4,2
d85_2_5,2
d85_2_6,2
d85_2_9,2
d86a_1,2
d86a_10,2
d86a_11,2
d86a_12,2
d86a_13,2
d86a_14,2
d86a_2,2
d86a_3,2
d86a_4,2
d86a_5,2
d86a_6,2
d86b_1,2
d86b_10,2
d86b_11,2
d86b_12,2
d86b_13,2
d86b_2,2
d86b_3,2
d86b_4,2
d86b_5,2
d86b_6,2
d86b_9,2
d87_1,2
d87_10,2
d87_11,2
d87_12,2
d87_13,2
d87_2,2
d87_3,2
d87_4,2
d87_5,2
d87_6,2
d88_1,2
d88_2,2
d88_3,2
d88_4,2
d88_5,2
d88_6,2
d89_14,2
d89_16,2
d89_2,2
d89_4,2
d89_5,2
d8_1,2
d8_10,2
d8_11,2
d8_12,2
d8_13,2
d8_14,2
d8_15,2
d8_2,2
d8_28,2
d8_29,2
d8_3,2
d8_4,2
d8_5,2
d8_6,2
d90_1,2
d90_2,2
d90_3,2
d90_4,2
d90_5,2
d90_6,2
d91_2,2
d91_4,2
d93_1,2
d93_2,2
d93_3,2
d93_4,2
d93_5,2
d93_6,2
d95_1,2
d95_12,2
d95_13,2
d95_14,2
d95_2,2
d95_3,2
d95_4,2
d95_5,2
d95_6,2
d96_1,2
d96_2,2
d96_3,2
d96_5,2
d97_1,2
d97_12,2
d97_13,2
d97_14,2
d97_15,2
d97_16,2
d97_2,2
d97_23,2
d97_3,2
d97_4,2
d97_5,2
d97_6,2
d98_1,2
d98_2,2
d98_3,2
d98_4,2
d98_5,2
d98_6,2
d99_1,2
d99_10,2
d99_11,2
d99_12,2
d99_2,2
d99_3,2
d99_4,2
d99_5,2
d99_6,2
d99_8,2
d99_9,2
d9_1,2
d9_14,2
d9_2,2
d9_3,2
d9_4,2
d9_5,2
d9_6,2
d101_14,3
d101_5,3
d101_6,3
d101_7,3
d102_2,3
d103_2,3
d104_2,3
d105_1,3
d106_15,3
d106_16,3
d106_5,3
d106_6,3
d106_7,3
d107c_10,3
d107c_13,3
d107c_16,3
d107c_19,3
d107c_2,3
d107c_20,3
d107c_21,3
d107c_24,3
d107c_25,3
d107c_28,3
d107c_3,3
d107c_31,3
d107c_32,3
d107c_35,3
d107c_36,3
d107c_39,3
d107c_42,3
d107c_43,3
d107c_44,3
d107c_47,3
d107c_6,3
d107c_9,3
d107d_13,3
d107d_17,3
d107d_18,3
d107d_2,3
d107d_22,3
d107d_26,3
d107d_3,3
d107d_30,3
d107d_34,3
d107d_35,3
d107d_39,3
d107d_4,3
d107d_43,3
d107d_44,3
d107d_45,3
d107d_46,3
d107d_5,3
d107d_51,3
d107d_6,3
d107d_7,3
d107d_8,3
d107d_9,3
d108_21,3
d108_23,3
d109_15,3
d109_21,3
d112_10,3
d112_16,3
d112_19,3
d112_3,3
d112_5,3
d112_6,3
d112_8,3
d112_9,3
d113_21,3
d113_22,3
d113_23,3
d113_29,3
d113_30,3
d113_36,3
d116_22,3
d117_10,3
d117_17,3
d117_3,3
d117_8,3
d119_10,3
d119_14,3
d119_15,3
d119_2,3
d119_6,3
d11_13,3
d121_10,3
d121_2,3
d121_20,3
d121_25,3
d121_3,3
d121_8,3
d122_21,3
d122_22,3
d122_28,3
d122_33,3
d123_11,3
d123_12,3
d123_2,3
d123_6,3
d124_1,3
d124_20,3
d124_22,3
d124_25,3
d124_5,3
d125_22,3
d126_1,3
d126_2,3
d126_3,3
d126_4,3
d126_5,3
d126_6,3
d128_11,3
d128_12,3
d128_16,3
d128_18,3
d128_2,3
d128_3,3
d128_4,3
d129_5,3
d129_9,3
d12_16,3
d131_10,3
d132_21,3
d132_22,3
d132_24,3
d132_30,3
d132_34,3
d135_12,3
d135_14,3
d135_15,3
d135_16,3
d135_22,3
d135_25,3
d135_28,3
d135_35,3
d135_41,3
d135_42,3
d135_45,3
d135_49,3
d135_51,3
d135_54,3
d135_57,3
d136_1,3
d136_14,3
d136_2,3
d136_8,3
d137_11,3
d137_13,3
d137_14,3
d137_22,3
d137_26,3
d137_27,3
d137_29,3
d137_35,3
d137_36,3
d137_37,3
d137_38,3
d137_46,3
d137_53,3
d137_70,3
d137_75,3
d137_80,3
d139_12,3
d139_15,3
d139_18,3
d139_2,3
d139_21,3
d139_24,3
d139_3,3
d139_6,3
d139_9,3
d13_13,3
d13_20,3
d13_21,3
d13_27,3
d13_28,3
d140_11,3
d140_12,3
d140_15,3
d140_22,3
d140_23,3
d140_26,3
d140_29,3
d140_32,3
d141_12,3
d141_17,3
d143_14,3
d143_15,3
d143_25,3
d144_1,3
d144_14,3
d144_16,3
d144_19,3
d144_22,3
d144_3,3
d144_34,3
d144_35,3
d144_38,3
d144_39,3
d144_4,3
d144_45,3
d144_47,3
d144_50,3
d144_53,3
d144_59,3
d144_62,3
d144_7,3
d144_8,3
d145_12,3
d145_13,3
d145_14,3
d145_17,3
d145_26,3
d146_11,3
d146_15,3
d146_16,3
d146_19,3
d146_25,3
d146_27,3
d146_30,3
d146_33,3
d146_36,3
d146_39,3
d146_42,3
d146_45,3
d147_12,3
d147_14,3
d147_20,3
d147_23,3
d147_30,3
d147_32,3
d147_33,3
d147_36,3
d147_37,3
d147_39,3
d147_4,3
d147_45,3
d147_48,3
d147_5,3
d147_51,3
d147_57,3
d147_60,3
d147_61,3
d147_63,3
d147_69,3
d147_72,3
d147_75,3
d147_8,3
d147_9,3
d148_12,3
d148_13,3
d149_12,3
d149_23,3
d149_27,3
d150_13,3
d150_19,3
d151_14,3
d151_19,3
d151_22,3
d152_12,3
d152_21,3
d152_27,3
d152_32,3
d152_36,3
d153_13,3
d153_14,3
d153_17,3
d153_20,3
d153_23,3
d153_27,3
d154_10,3
d154_11,3
d154_18,3
d155_13,3
d155_15,3
d155_17,3
d155_22,3
d155_26,3
d155_34,3
d155_38,3
d155_43,3
d156_11,3
d156_12,3
d156_27,3
d156_28,3
d156_36,3
d156_41,3
d156_46,3
d157_26,3
d157_27,3
d157_33,3
d157_37,3
d159_12,3
d159_17,3
d159_21,3
d159_22,3
d159_23,3
d159_24,3
d159_25,3
d15_11,3
d160_1,3
d160_11,3
d160_8,3
d161_13,3
d161_14,3
d161_18,3
d161_22,3
d161_27,3
d161_28,3
d161_32,3
d161_36,3
d161_9,3
d163_2,3
d164_1,3
d164_10,3
d164_13,3
d164_19,3
d164_2,3
d164_26,3
d164_3,3
d164_33,3
d164_4,3
d164_8,3
d164_9,3
d165_12,3
d166_13,3
d166_3,3
d166_6,3
d167_12,3
d167_14,3
d167_16,3
d167_22,3
d168_1,3
d168_13,3
d168_2,3
d168_20,3
d168_22,3
d168_26,3
d168_3,3
d168_4,3
d168_5,3
d168_6,3
d16_24,3
d171_11,3
d171_15,3
d171_23,3
d171_24,3
d171_25,3
d171_26,3
d171_27,3
d171_28,3
d173_1,3
d173_13,3
d173_14,3
d173_15,3
d173_2,3
d173_22,3
d173_23,3
d173_24,3
d173_25,3
d173_3,3
d173_32,3
d173_33,3
d173_42,3
d173_46,3
d173_5,3
d173_50,3
d173_52,3
d173_56,3
d173_58,3
d173_6,3
d174_10,3
d174_13,3
d174_16,3
d174_2,3
d174_3,3
d174_7,3
d175_12,3
d175_13,3
d177_10,3
d177_14,3
d177_15,3
d177_18,3
d177_24,3
d177_28,3
d177_29,3
d177_35,3
d177_36,3
d177_42,3
d177_43,3
d177_46,3
d177_49,3
d179_11,3
d179_15,3
d179_22,3
d179_23,3
d179_26,3
d179_29,3
d180_15,3
d180_16,3
d181_12,3
d182_13,3
d182_19,3
d182_22,3
d182_27,3
d182_28,3
d182_35,3
d182_39,3
d183_10,3
d183_15,3
d183_16,3
d183_2,3
d183_22,3
d183_26,3
d183_43,3
d183_47,3
d183_9,3
d184_12,3
d184_13,3
d184_16,3
d185_2,3
d186a_104,3
d186a_106,3
d186a_110,3
d186a_114,3
d186a_118,3
d186a_12,3
d186a_16,3
d186a_17,3
d186a_2,3
d186a_24,3
d186a_25,3
d186a_26,3
d186a_31,3
d186a_32,3
d186a_37,3
d186a_38,3
d186a_39,3
d186a_40,3
d186a_43,3
d186a_52,3
d186a_56,3
d186a_61,3
d186a_67,3
d186a_7,3
d186a_70,3
d186a_71,3
d186a_74,3
d186a_79,3
d186a_84,3
d186a_94,3
d186a_95,3
d186a_96,3
d186a_97,3
d186b_12,3
d186b_15,3
d186b_18,3
d186b_2,3
d186b_21,3
d186b_24,3
d186b_27,3
d186b_30,3
d186b_33,3
d186b_36,3
d186b_39,3
d186b_42,3
d186b_45,3
d186b_48,3
d186b_6,3
d186b_9,3
d187_12,3
d187_14,3
d187_19,3
d188a_11,3
d188a_15,3
d188b_10,3
d188b_15,3
d188c_11,3
d188c_15,3
d188d_12,3
d188d_13,3
d189_12,3
d189_13,3
d189_17,3
d18_12,3
d18_13,3
d190_12,3
d191_10,3
d191_17,3
d191_2,3
d191_6,3
d192_14,3
d193_1,3
d193_3,3
d193_4,3
d193_6,3
d197_26,3
d197_28,3
d197_30,3
d197_33,3
d197_36,3
d198_12,3
d198_14,3
d198_2,3
d19_17,3
d202_1,3
d202_11,3
d202_15,3
d202_19,3
d202_2,3
d202_6,3
d204_1,3
d204_12,3
d204_2,3
d204_8,3
d205_12,3
d205_18,3
d205_2,3
d205_22,3
d205_8,3
d206_1,3
d206_2,3
d206_3,3
d206_6,3
d206_7,3
d206_9,3
d207_13,3
d207_24,3
d208_1_1,3
d208_2_15,3
d208_2_16,3
d208_2_25,3
d208_2_26,3
d208_2_32,3
d208_2_33,3
d208_2_41,3
d208_2_42,3
d208_2_48,3
d208_2_49,3
d208_2_57,3
d208_2_58,3
d208_2_64,3
d208_2_65,3
d208_2_8,3
d208_2_9,3
d209_12,3
d20_13,3
d210_11,3
d210_18,3
d210_22,3
d211_11,3
d211_20,3
d211_6,3
d211_7,3
d212_17,3
d212_41,3
d214_1,3
d214_2,3
d214_25,3
d214_26,3
d214_27,3
d214_28,3
d214_29,3
d214_3,3
d214_4,3
d214_5,3
d214_6,3
d215_10,3
d215_11,3
d216_12,3
d216_18,3
d216_2,3
d216_22,3
d216_8,3
d217_14,3
d217_19,3
d218_10,3
d218_2,3
d218_9,3
d219_10,3
d219_2,3
d219_23,3
d219_24,3
d219_30,3
d219_31,3
d219_9,3
d220a_11,3
d220b_10,3
d221_16,3
d221_33,3
d222_10,3
d222_14,3
d222_18,3
d222_22,3
d222_29,3
d224_1,3
d224_4,3
d224_5,3
d225a_11,3
d225a_13,3
d225a_19,3
d225a_24,3
d225a_30,3
d225a_6,3
d225b_11,3
d225b_13,3
d225b_16,3
d225b_19,3
d225b_23,3
d225b_24,3
d225b_30,3
d225b_6,3
d226_11,3
d227_2,3
d227_3,3
d227_6,3
d228_3,3
d229_2,3
d230_5,3
d231_14,3
d231_17,3
d231_18,3
d231_27,3
d231_28,3
d231_33,3
d231_35,3
d231_36,3
d231_43,3
d231_44,3
d231_45,3
d231_53,3
d231_54,3
d231_60,3
d231_61,3
d231_68,3
d231_72,3
d231_74,3
d231_78,3
d231_80,3
d231_83,3
d231_86,3
d231_89,3
d231_93,3
d232_3,3
d233_16,3
d233_19,3
d233_24,3
d234_13,3
d234_6,3
d234_9,3
d235_15,3
d235_17,3
d235_18,3
d235_21,3
d235_27,3
d235_30,3
d235_4,3
d235_5,3
d235_9,3
d236_1,3
d236_5,3
d236_9,3
d237_5,3
d237_9,3
d238_11,3
d238_12,3
d238_13,3
d238_22,3
d238_23,3
d239_2,3
d240_6,3
d241_2,3
d241_7,3
d242_1,3
d242_16,3
d242_2,3
d242_3,3
d242_4,3
d242_5,3
d242_6,3
d243_12,3
d243_13,3
d243_17,3
d243_3,3
d243_6,3
d244_10,3
d244_6,3
d245_3,3
d245_4,3
d246_12,3
d246_13,3
d246_19,3
d246_20,3
d246_38,3
d246_39,3
d246_40,3
d246_46,3
d246_48,3
d246_49,3
d246_56,3
d246_57,3
d246_58,3
d246_64,3
d246_83,3
d246_84,3
d246_90,3
d246_91,3
d247_1,3
d247_15,3
d247_18,3
d247_2,3
d247_22,3
d247_4,3
d247_5,3
d248_11,3
d248_2,3
d248_7,3
d249_1,3
d249_11,3
d249_16,3
d249_20,3
d249_24,3
d249_3,3
d249_4,3
d249_5,3
d249_6,3
d250_2,3
d250_3,3
d250_7,3
d251_12,3
d251_13,3
d251_2,3
d251_20,3
d251_21,3
d251_4,3
d251_5,3
d252_1,3
d252_5,3
d253_13,3
d253_3,3
d253_8,3
d254_11,3
d254_6,3
d255_2,3
d255_6,3
d256_13,3
d256_17,3
d256_20,3
d256_25,3
d257_11,3
d257_12,3
d257_2,3
d257_30,3
d257_34,3
d257_9,3
d258_15,3
d258_24,3
d258_25,3
d258_31,3
d258_32,3
d258_4,3
d258_9,3
d259_13,3
d25_12,3
d260_18,3
d260_21,3
d260_27,3
d261_2,3
d261_3,3
d261_6,3
d263_2,3
d263_3,3
d264_11,3
d264_12,3
d264_2,3
d264_34,3
d264_9,3
d265_12,3
d265_3,3
d265_5,3
d265_7,3
d266_18,3
d266_19,3
d266_27,3
d266_28,3
d266_3,3
d266_35,3
d266_5,3
d266_7,3
d267_10,3
d267_11,3
d267_2,3
d267_3,3
d267_6,3
d268_11,3
d269_11,3
d269_12,3
d269_2,3
d269_27,3
d269_31,3
d269_32,3
d269_36,3
d269_9,3
d26_10,3
d26_14,3
d26_18,3
d270_1,3
d270_13,3
d270_16,3
d270_21,3
d270_22,3
d270_28,3
d270_29,3
d270_3,3
d270_36,3
d270_37,3
d270_4,3
d270_44,3
d270_45,3
d270_6,3
d271_10,3
d271_19,3
d271_20,3
d271_27,3
d271_28,3
d271_34,3
d271_35,3
d271_6,3
d277_14,3
d277_28,3
d277_29,3
d277_3,3
d278_26,3
d278_27,3
d278_3,3
d279_3,3
d27_12,3
d27_2,3
d280_16,3
d280_3,3
d281_1,3
d281_2,3
d282_1,3
d282_2,3
d282_3,3
d283_1,3
d283_10,3
d283_9,3
d284_1,3
d284_9,3
d285_1,3
d285_11,3
d285_5,3
d286_1,3
d286_2,3
d287_1,3
d287_14,3
d287_2,3
d287_22,3
d287_4,3
d287_6,3
d287_9,3
d288_12,3
d288_2,3
d288_6,3
d288_7,3
d289_6,3
d290_17,3
d291_1,3
d291_4,3
d292_16,3
d292_20,3
d292_5,3
d292_6,3
d295_1,3
d295_5,3
d297_100,3
d297_106,3
d297_107,3
d297_113,3
d297_114,3
d297_120,3
d297_121,3
d297_135,3
d297_136,3
d297_142,3
d297_143,3
d297_149,3
d297_150,3
d297_156,3
d297_157,3
d297_165,3
d297_166,3
d297_169,3
d297_17,3
d297_172,3
d297_175,3
d297_178,3
d297_18,3
d297_183,3
d297_184,3
d297_185,3
d297_188,3
d297_191,3
d297_194,3
d297_197,3
d297_2,3
d297_200,3
d297_203,3
d297_24,3
d297_25,3
d297_3,3
d297_31,3
d297_32,3
d297_38,3
d297_39,3
d297_55,3
d297_56,3
d297_62,3
d297_63,3
d297_69,3
d297_7,3
d297_70,3
d297_76,3
d297_77,3
d297_84,3
d297_86,3
d297_99,3
d298_23,3
d298_24,3
d298_27,3
d298_33,3
d298_37,3
d29a_10,3
d29b_10,3
d2_21,3
d2_22,3
d300_2,3
d300_8,3
d302_2,3
d304a_10,3
d304a_12,3
d304a_16,3
d304a_20,3
d304b_11,3
d304b_15,3
d304b_23,3
d304b_9,3
d305_10,3
d306_10,3
d306_14,3
d306_2,3
d306_3,3
d306_6,3
d307_11,3
d307_3,3
d307_7,3
d308_11,3
d308_12,3
d309_2,3
d311_12,3
d311_13,3
d311_14,3
d311_15,3
d311_16,3
d311_31,3
d312_12,3
d312_17,3
d313_18,3
d313_19,3
d313_21,3
d313_26,3
d313_27,3
d313_30,3
d313_34,3
d313_38,3
d313_42,3
d313_46,3
d315_23,3
d316_8,3
d317_1,3
d318_24,3
d318_26,3
d31a_21,3
d31a_26,3
d322_29,3
d322_30,3
d322_48,3
d322_55,3
d323_28,3
d324_47,3
d326_17,3
d327_12,3
d328a_1,3
d328a_2,3
d328a_3,3
d328a_4,3
d328a_5,3
d329_17,3
d329_19,3
d329_47,3
d329_51,3
d329_79,3
d32a_21,3
d32a_25,3
d330_34,3
d330_44,3
d330_64,3
d330_70,3
d330_80,3
d330_85,3
d332_2,3
d332_3,3
d332_6,3
d333_19,3
d333_24,3
d334_13,3
d334_14,3
d334_20,3
d334_21,3
d336_12,3
d337_2,3
d337_3,3
d35_11,3
d36a_29,3
d36a_34,3
d37_20,3
d37_26,3
d38_10,3
d39_11,3
d3_23,3
d40_21,3
d41_14,3
d41_15,3
d41_22,3
d41_23,3
d41_29,3
d41_30,3
d41_9,3
d42_11,3
d44_11,3
d44_16,3
d48_12,3
d48_20,3
d48_21,3
d4_15,3
d54_11,3
d54_12,3
d54_21,3
d58_30,3
d58_37,3
d59_13,3
d61_13,3
d61_19,3
d61_20,3
d61_26,3
d61_27,3
d63_13,3
d63_14,3
d65_12,3
d66_24,3
d66_37,3
d66_38,3
d66_44,3
d66_45,3
d66_52,3
d66_56,3
d66_57,3
d67_13,3
d67_19,3
d69_11,3
d70_12,3
d70_17,3
d71_13,3
d71_16,3
d71_23,3
d75_11,3
d76_29,3
d76_35,3
d76_36,3
d77_23,3
d77_27,3
d77_48,3
d77_51,3
d78_11,3
d78_12,3
d78_18,3
d78_19,3
d78_27,3
d78_28,3
d79_19,3
d79_20,3
d82_17,3
d82_21,3
d82_30,3
d83_9,3
d84a_10,3
d84a_11,3
d84a_14,3
d84a_15,3
d84a_16,3
d84a_17,3
d84a_2,3
d84a_20,3
d84a_3,3
d84a_6,3
d84a_9,3
d84b_11,3
d84b_15,3
d84b_16,3
d84b_17,3
d84b_18,3
d84b_2,3
d84b_3,3
d84b_4,3
d84b_5,3
d84b_6,3
d84b_7,3
d89_1,3
d89_3,3
d89_6,3
d89_7,3
d8_22,3
d8_32,3
d92_2,3
d94_2,3
d95_15,3
d95_19,3
d96_14,3
d96_4,3
d96_6,3
d96_7,3
d96_8,3
d96_9,3
d97_21,3
d97_26,3
d97_27,3
d9_10,3
d9_18,3
d102_1,4
d103_1,4
d104_1,4
d107c_1,4
d107d_1,4
d119_1,4
d123_1,4
d128_1,4
d139_1,4
d144_29,4
d147_1,4
d163_1,4
d166_1,4
d172_1,4
d185_1,4
d186a_1,4
d186b_1,4
d191_1,4
d198_1,4
d208_2_1,4
d209_17,4
d211_1,4
d218_1,4
d219_1,4
d225a_1,4
d225b_1,4
d228_1,4
d229_1,4
d232_1,4
d234_1,4
d235_1,4
d237_1,4
d239_1,4
d240_1,4
d241_1,4
d243_1,4
d244_1,4
d245_1,4
d253_1,4
d254_1,4
d255_1,4
d257_1,4
d258_1,4
d260_1,4
d261_1,4
d264_1,4
d265_1,4
d266_1,4
d269_1,4
d271_1,4
d272_1,4
d273_1,4
d274_1,4
d275_1,4
d276_1,4
d277_1,4
d278_1,4
d279_1,4
d280_1,4
d288_1,4
d289_1,4
d297_1,4
d297_10,4
d297_128,4
d297_48,4
d297_92,4
d300_1,4
d301_1,4
d307_1,4
d309_1,4
d319_1,4
d337_1,4
d84a_1,4
d84b_1,4
d92_1,4
d94_1,4
