ahfs_code,drugbank_id
10:00.00,DB00002
44:00.00,DB00003
92:36.00,DB00005
20:12.04.12,DB00006
10:00.00,DB00007
68:18.08,DB00007
08:18.20,DB00008
20:12.20,DB00009
20:16.00,DB00012
68:18.00,DB00014
92:00.00,DB00014
20:16.00,DB00016
68:24.00,DB00017
20:16.00,DB00019
08:18.20,DB00022
10:00.00,DB00023
36:60.00,DB00024
20:28.16,DB00025
92:36.00,DB00026
80:04.00,DB00028
68:20.08,DB00030
20:12.20,DB00031
68:18.00,DB00032
68:28.00,DB00035
20:28.16,DB00036
68:22.12,DB00040
10:00.00,DB00041
92:92.00,DB00042
48:92.00,DB00043
68:18.00,DB00044
68:20.08,DB00046
68:20.08,DB00047
44:00.00,DB00048
84:92.00,DB00048
44:00.00,DB00049
92:40.00,DB00050
92:36.00,DB00051
92:20.00,DB00051
56:92.00,DB00051
68:28.00,DB00052
68:30.04,DB00052
44:00.00,DB00053
92:00.00,DB00054
10:00.00,DB00056
44:00.00,DB00058
10:00.00,DB00059
92:20.00,DB00060
16:00.00,DB00062
36:18.00,DB00062
40:50.00*,DB00062
20:12.18,DB00063
92:36.00,DB00065
68:18.00,DB00066
68:28.00,DB00067
92:20.00,DB00068
68:20.08,DB00071
10:00.00,DB00072
10:00.00,DB00073
92:44.00,DB00074
92:12.00,DB00076
80:04.00,DB00076
08:12.28.12,DB00080
68:30.08,DB00082
92:92.00,DB00083
56:16.00,DB00085
10:00.00,DB00087
44:00.00,DB00090
52:08.92,DB00091
92:44.00,DB00091
68:18.00,DB00094
68:18.00,DB00097
92:00.00,DB00098
20:16.00,DB00099
20:28.16,DB00100
44:00.00,DB00103
92:00.00,DB00104
10:00.00,DB00105
08:18.20,DB00105
76:00.00,DB00107
92:20.00,DB00108
08:18.08.04,DB00109
08:18.24,DB00110
92:20.00,DB00111
92:44.00,DB00111
10:00.00,DB00112
88:08.00,DB00115
88:08.00,DB00121
56:24.00,DB00122
88:30.00*,DB00122
88:08.00,DB00122
36:66.00,DB00125
88:12.00,DB00126
84:92.00,DB00136
88:16.00,DB00136
88:08.00,DB00140
56:16.00,DB00142
40:36.00,DB00145
28:16.04,DB00150
28:16.04.92,DB00150
40:20.00,DB00151
88:28.00,DB00152
88:08.00,DB00152
88:16.00,DB00153
88:08.00,DB00158
88:04.00,DB00162
84:24.12,DB00163
88:20.00,DB00163
88:08.00,DB00165
88:16.00,DB00169
24:06.08,DB00175
28:16.04.20,DB00176
24:32.08,DB00177
24:32.04,DB00178
68:04.00,DB00180
52:08.00,DB00180
52:08.08,DB00180
12:20.12,DB00181
28:20.04,DB00182
12:92.00,DB00184
28:24.08,DB00186
24:24.00,DB00187
10:00.00,DB00188
28:08.08,DB00193
52:40.08,DB00195
08:14.08,DB00196
08:18.28,DB00198
52:04.04,DB00199
08:12.12.04,DB00199
92:12.00,DB00200
88:08.00,DB00200
28:20.00,DB00201
28:20.32,DB00201
12:20.20,DB00202
24:12.12,DB00203
52:04.04,DB00207
08:12.12.92,DB00207
20:12.18,DB00208
86:12.04,DB00209
84:92.00,DB00210
12:12.04,DB00211
56:28.36,DB00213
28:16.04.20,DB00215
28:32.28,DB00216
52:04.04,DB00218
08:12.18,DB00218
08:18.08.08,DB00220
68:20.20,DB00222
08:18.08.08,DB00224
92:00.00,DB00225
24:06.08,DB00227
28:12.92,DB00230
28:24.08,DB00231
24:04.08,DB00235
08:18.08.16,DB00238
10:00.00,DB00242
92:44.00,DB00242
56:36.00,DB00244
28:36.08,DB00245
28:16.08.04,DB00246
28:36.20.04,DB00248
84:04.06,DB00249
52:04.20,DB00249
08:16.92,DB00250
84:04.92,DB00250
84:04.08.08,DB00251
28:12.12,DB00252
52:04.04,DB00254
08:12.24,DB00254
84:04.08.08,DB00257
88:29.00*,DB00258
40:18.19,DB00258
20:12.14,DB00261
10:00.00,DB00262
08:12.20,DB00263
24:24.00,DB00264
84:04.12,DB00265
28:36.20.08,DB00268
36:68.00,DB00271
28:12.92,DB00273
24:32.08,DB00275
10:00.00,DB00276
86:16.00,DB00277
20:12.04.12,DB00278
68:36.04,DB00279
24:04.04.04,DB00280
84:08.00,DB00281
24:04.00,DB00281
24:04.04.08,DB00281
72:00.00,DB00281
52:16.00,DB00281
92:24.00,DB00282
68:20.02,DB00284
28:16.04.16,DB00285
68:16.04,DB00286
52:40.28,DB00287
84:06.00,DB00288
28:92.00,DB00289
10:00.00,DB00290
10:00.00,DB00291
10:00.00,DB00293
68:32.00,DB00294
28:08.08,DB00295
72:00.00,DB00296
72:00.00,DB00297
08:18.08.20,DB00300
20:28.16,DB00302
08:12.07.08,DB00303
10:00.00,DB00305
24:04.04.20,DB00308
40:28.24,DB00310
28:12.92,DB00313
28:32.28,DB00315
28:08.92,DB00316
10:00.00,DB00317
48:08.00,DB00318
28:08.08,DB00318
08:12.16.16,DB00319
12:16.00,DB00320
28:16.04.28,DB00321
52:08.08,DB00324
24:08.20,DB00325
28:08.08,DB00327
28:08.04.92,DB00328
08:16.04,DB00330
68:20.04,DB00331
12:08.08,DB00332
28:08.08,DB00333
28:16.08.04,DB00334
24:24.00,DB00335
84:92.00,DB00337
56:28.36,DB00338
08:16.04,DB00339
04:08.00,DB00341
24:28.92,DB00343
12:16.04.12,DB00346
92:92.00,DB00348
28:12.08,DB00349
24:08.20,DB00350
84:92.00,DB00350
10:00.00,DB00351
10:00.00,DB00352
08:12.07.16,DB00355
08:30.08,DB00358
92:92.00,DB00360
10:00.00,DB00361
08:14.16,DB00362
28:16.08.04,DB00363
56:28.32,DB00364
04:04.04,DB00366
68:12.00,DB00367
12:12.12,DB00368
08:18.32,DB00369
28:16.04.92,DB00370
52:40.08,DB00373
24:24.00,DB00373
52:92.00,DB00373
48:48.00,DB00374
24:06.04,DB00375
28:36.08,DB00376
56:22.00,DB00377
24:04.04.08,DB00379
92:00.00,DB00380
24:28.08,DB00381
40:28.16,DB00384
10:00.00,DB00385
28:36.08,DB00387
12:12.04,DB00388
52:24.00,DB00388
12:12.00,DB00388
52:32.00,DB00388
24:04.08,DB00390
28:36.08,DB00392
12:08.04,DB00392
24:28.08,DB00393
68:04.00,DB00394
84:06.00,DB00394
52:08.00,DB00394
52:08.08,DB00394
68:32.00,DB00396
92:00.00,DB00398
92:24.00,DB00399
28:24.92,DB00402
28:24.08,DB00404
84:04.08.92,DB00406
28:16.08.92,DB00408
84:04.04,DB00410
52:40.20,DB00411
12:04.00,DB00411
68:20.28,DB00412
28:36.20.08,DB00413
08:12.16.08,DB00415
08:12.16.04,DB00417
28:24.04,DB00418
92:92.00,DB00419
24:32.20,DB00421
28:20.32,DB00422
12:20.04,DB00423
28:24.92,DB00425
08:18.32,DB00426
10:00.00,DB00428
76:00.00,DB00429
52:04.20,DB00432
56:22.08,DB00433
28:16.08.24,DB00433
04:04.92,DB00434
24:12.08,DB00435
92:16.00,DB00437
08:12.06.12,DB00438
08:36.00,DB00440
10:00.00,DB00441
08:18.32,DB00442
68:04.00,DB00443
84:06.00,DB00443
52:08.00,DB00443
56:36.00,DB00443
52:08.08,DB00443
10:00.00,DB00444
10:00.00,DB00445
52:04.04,DB00446
08:12.08,DB00446
56:28.36,DB00448
52:24.00,DB00449
28:24.92,DB00450
68:36.04,DB00451
52:04.04,DB00452
84:04.04,DB00452
28:08.08,DB00454
04:08.00,DB00455
24:20.00,DB00457
28:16.04.28,DB00458
84:92.00,DB00459
52:92.00,DB00460
28:08.04.92,DB00461
24:16.00,DB00464
52:08.20,DB00465
28:08.04.92,DB00465
08:30.08,DB00468
28:08.04.92,DB00469
56:22.92,DB00470
48:10.24,DB00471
28:16.04.20,DB00472
28:24.08,DB00475
28:16.04.16,DB00476
28:16.08.24,DB00477
08:12.02,DB00479
10:00.00,DB00480
68:16.12,DB00481
28:08.04.08,DB00482
52:40.04,DB00484
84:92.00,DB00484
56:22.92,DB00486
24:24.00,DB00489
28:24.92,DB00490
24:32.04,DB00492
08:12.06.12,DB00493
28:36.12,DB00494
08:18.08.20,DB00495
86:12.04,DB00496
28:08.08,DB00497
10:00.00,DB00499
56:28.12,DB00501
28:16.08.08,DB00502
08:18.08.08,DB00503
08:12.28.16,DB00512
48:08.00,DB00514
48:16.00,DB00514
10:00.00,DB00515
24:32.04,DB00519
08:14.16,DB00520
84:92.00,DB00523
40:28.24,DB00524
84:04.08.40,DB00525
10:00.00,DB00526
84:08.00,DB00527
10:00.00,DB00530
10:00.00,DB00531
52:04.04,DB00537
08:12.18,DB00537
36:89.00*,DB00538
28:16.04.28,DB00540
10:00.00,DB00541
24:32.04,DB00542
10:00.00,DB00544
84:92.00,DB00544
12:04.00,DB00545
84:06.00,DB00547
84:92.00,DB00548
48:10.24,DB00549
68:36.08,DB00550
84:50.06,DB00553
28:08.04.92,DB00554
28:12.92,DB00555
36:89.00*,DB00556
28:24.92,DB00557
08:18.28,DB00558
48:48.00,DB00559
08:12.24.12,DB00560
10:00.00,DB00563
28:12.92,DB00564
12:20.20,DB00565
08:12.06.04,DB00567
20:12.04.14,DB00569
20:12.04.92,DB00569
10:00.00,DB00570
24:24.00,DB00571
12:08.08,DB00572
52:24.00,DB00572
24:08.16,DB00575
08:18.32,DB00577
28:20.92,DB00579
28:20.00,DB00579
40:10.00,DB00581
56:12.00,DB00581
08:14.08,DB00582
40:20.00,DB00583
24:32.04,DB00584
24:32.20,DB00584
56:28.12,DB00585
52:02.00,DB00586
28:32.92,DB00586
28:08.04.08,DB00586
52:08.20,DB00586
28:08.04.92,DB00586
68:04.00,DB00588
84:06.00,DB00588
52:08.00,DB00588
52:08.08,DB00588
24:20.00,DB00590
84:06.00,DB00591
52:08.08,DB00591
08:08.00,DB00592
28:12.20,DB00593
40:28.16,DB00594
84:06.00,DB00596
36:89.00*,DB00597
24:24.00,DB00598
28:04.04,DB00599
08:12.28.24,DB00601
08:08.00,DB00602
84:04.12,DB00602
68:32.00,DB00603
28:08.04.92,DB00605
08:30.08,DB00608
28:08.12,DB00611
24:24.00,DB00612
08:16.04,DB00615
10:00.00,DB00619
68:04.00,DB00620
84:06.00,DB00620
52:08.08,DB00620
28:16.08.24,DB00623
68:08.00,DB00624
08:18.08.16,DB00625
52:04.04,DB00626
84:04.04,DB00626
08:12.28.08,DB00626
24:06.92,DB00627
88:08.00,DB00627
28:24.08,DB00628
92:24.00,DB00630
10:00.00,DB00631
84:04.06,DB00632
28:24.92,DB00633
52:04.04,DB00634
68:04.00,DB00635
24:04.04.24,DB00640
24:04.92,DB00640
92:00.00,DB00640
24:06.08,DB00641
10:00.00,DB00642
08:08.00,DB00643
68:18.00,DB00644
36:66.00,DB00644
52:16.00,DB00645
84:04.08.28,DB00646
08:14.28,DB00646
10:00.00,DB00648
08:18.08.20,DB00649
92:12.00,DB00650
28:08.12,DB00652
56:12.00,DB00653
28:12.92,DB00653
40:12.00,DB00653
52:40.28,DB00654
68:16.04,DB00655
28:16.04.24,DB00656
40:18.19,DB00658
28:92.00,DB00659
24:28.92,DB00661
84:06.00,DB00663
10:00.00,DB00665
68:18.00,DB00666
12:12.12,DB00668
34:00.00,DB00668
12:12.00,DB00668
52:32.00,DB00668
28:32.28,DB00669
08:12.06.12,DB00671
68:20.20,DB00672
56:22.32,DB00673
12:04.00,DB00674
10:00.00,DB00675
24:32.08,DB00678
08:14.28,DB00681
20:12.04.08,DB00682
28:24.08,DB00683
08:12.02,DB00684
52:04.04,DB00684
92:00.00,DB00686
68:04.00,DB00687
10:00.00,DB00688
92:44.00,DB00688
28:24.08,DB00690
12:16.04.04,DB00692
12:16.00,DB00692
36:58.00,DB00693
36:89.00*,DB00693
10:00.00,DB00694
40:28.08,DB00695
12:16.00,DB00696
12:20.04,DB00697
08:36.00,DB00698
24:32.20,DB00700
52:40.12,DB00703
28:10.00,DB00704
08:18.08.16,DB00705
12:16.04.12,DB00706
10:00.00,DB00707
28:08.08,DB00708
08:18.08.20,DB00709
52:08.20,DB00712
28:08.04.92,DB00712
28:36.20.08,DB00714
28:08.08,DB00714
28:16.04.20,DB00715
52:02.00,DB00716
48:92.00,DB00716
68:12.00,DB00717
68:32.00,DB00717
08:18.32,DB00718
92:24.00,DB00720
24:32.04,DB00722
84:92.00,DB00724
28:16.04.28,DB00726
24:12.08,DB00727
12:20.20,DB00728
12:20.92,DB00732
12:20.20,DB00732
28:16.08.04,DB00734
56:28.36,DB00736
56:22.08,DB00737
08:30.92,DB00738
28:92.00,DB00740
68:04.00,DB00741
84:06.00,DB00741
56:36.00,DB00741
40:36.00,DB00742
36:40.00,DB00742
40:28.12,DB00742
36:89.00*,DB00743
28:20.80,DB00745
64:00.00,DB00746
12:08.08,DB00747
28:08.04.92,DB00749
72:00.00,DB00750
28:16.04.12,DB00752
28:04.16,DB00753
10:00.00,DB00755
84:16.00,DB00755
56:22.20,DB00757
20:12.18,DB00758
52:04.04,DB00759
08:12.24,DB00759
08:12.07.08,DB00760
40:34.00*,DB00761
88:29.00*,DB00761
40:12.00,DB00761
10:00.00,DB00762
68:36.08,DB00763
52:02.00,DB00768
04:00.00,DB00768
24:12.92,DB00770
10:00.00,DB00773
20:12.18,DB00775
28:12.92,DB00776
28:16.04.12,DB00780
68:16.04,DB00783
28:08.04.92,DB00784
84:04.06,DB00787
08:18.32,DB00787
28:08.04.92,DB00788
92:00.00,DB00789
24:32.04,DB00790
04:04.08,DB00792
28:12.04,DB00794
08:12.20,DB00795
24:32.08,DB00796
08:12.02,DB00798
52:04.04,DB00798
84:04.04,DB00798
84:92.00,DB00799
28:08.08,DB00802
08:12.28.28,DB00803
12:08.00,DB00804
12:08.08,DB00804
20:24.00,DB00806
52:16.00,DB00807
40:28.24,DB00808
52:24.00,DB00809
08:18.32,DB00811
28:08.08,DB00813
28:08.04.92,DB00814
12:12.08.12,DB00816
28:04.92,DB00818
52:40.00,DB00819
52:40.12,DB00819
24:12.12,DB00820
84:08.00,DB00825
84:24.04,DB00825
52:92.00,DB00825
92:01.00*,DB00825
84:08.01*,DB00825
48:01.00*,DB00825
08:36.00,DB00828
28:24.08,DB00829
28:16.08.24,DB00831
08:12.06.08,DB00833
04:04.20,DB00835
56:08.00,DB00836
52:13.00*,DB00840
12:12.08.08,DB00841
12:12.00,DB00841
28:24.08,DB00842
12:04.00,DB00843
28:08.12,DB00844
84:06.00,DB00846
52:92.00,DB00847
92:92.00,DB00847
28:16.08.24,DB00850
10:00.00,DB00851
12:12.12,DB00852
12:12.00,DB00852
10:00.00,DB00853
84:92.00,DB00855
08:14.04,DB00857
84:04.08.04,DB00857
64:00.00,DB00859
68:04.00,DB00860
28:08.04.92,DB00861
24:12.12,DB00862
56:28.12,DB00863
92:44.00,DB00864
84:92.00,DB00864
52:40.12,DB00869
12:12.08.12,DB00871
52:08.08,DB14596
48:16.00,DB00874
28:16.08.32,DB00875
24:32.08,DB00876
92:44.00,DB00877
34:00.00,DB00878
52:04.92,DB00878
84:04.92,DB00878
08:18.08.20,DB00879
24:32.04,DB00881
68:16.12,DB00882
24:12.08,DB00883
92:24.00,DB00884
40:28.08,DB00887
56:22.20,DB00889
52:16.00,DB00892
36:30.00,DB00895
28:24.08,DB00897
84:04.92,DB00898
92:00.00,DB00898
28:08.08,DB00899
08:18.08.20,DB00900
40:28.08,DB00903
56:22.20,DB00904
56:22.00,DB00904
52:40.28,DB00905
52:16.00,DB00907
24:04.00,DB00908
24:04.04.04,DB00908
68:20.16,DB00912
08:18.04,DB00915
28:36.04,DB00915
84:04.04,DB00916
08:30.92,DB00916
84:04.92,DB00916
76:00.00,DB00917
28:32.28,DB00918
52:02.00,DB00920
04:00.00,DB00920
04:92.00,DB00920
28:08.08,DB00921
28:08.12,DB00921
12:20.04,DB00924
56:28.12,DB00927
10:00.00,DB00928
56:28.28,DB00929
24:06.04,DB00930
08:18.08.08,DB00932
28:16.04.28,DB00934
52:32.00,DB00935
84:28.00,DB00936
28:08.04.24,DB00936
24:16.00,DB00936
12:12.08.12,DB00938
12:12.00,DB00938
28:08.04.24,DB00945
10:00.00,DB00947
04:08.00,DB00950
08:16.04,DB00951
28:32.28,DB00952
28:32.28,DB00953
48:08.00,DB00956
10:00.00,DB00958
68:04.00,DB00959
84:06.00,DB00959
24:24.00,DB00960
72:00.00,DB00961
28:24.92,DB00962
52:08.20,DB00963
52:92.00,DB00964
36:68.00,DB00965
24:32.08,DB00966
04:08.00,DB00967
24:08.16,DB00968
10:00.00,DB00970
24:06.05,DB00973
64:00.00,DB00974
24:12.92,DB00975
68:16.04,DB00977
52:24.00,DB00979
84:92.00,DB00982
12:12.08.12,DB00983
56:22.08,DB00985
04:04.04,DB00985
48:12.08,DB00986
12:08.08,DB00986
10:00.00,DB00987
12:12.08.08,DB00988
12:04.00,DB00989
10:00.00,DB00990
28:08.04.92,DB00991
84:92.00,DB00992
92:44.00,DB00993
08:12.02,DB00994
84:04.04,DB00994
60:00.00,DB00995
28:12.92,DB00996
10:00.00,DB00997
28:32.28,DB00998
40:28.20,DB00999
12:12.08.12,DB01001
12:12.00,DB01001
52:02.00,DB01003
48:10.32,DB01003
08:18.32,DB01004
10:00.00,DB01005
10:00.00,DB01006
84:04.08.08,DB01007
10:00.00,DB01008
28:08.04.92,DB01009
92:92.00,DB01012
84:06.00,DB01013
84:06.08,DB01013
08:12.20,DB01015
68:20.20,DB01016
52:04.04,DB01017
08:12.24,DB01017
24:08.16,DB01018
12:04.00,DB01019
24:12.08,DB01020
88:24.00,DB01022
24:28.08,DB01023
92:44.00,DB01024
84:04.08.08,DB01026
08:14.08,DB01026
28:08.92,DB01028
24:32.08,DB01029
10:00.00,DB01030
10:00.00,DB01033
24:04.04.04,DB01035
86:12.04,DB01036
86:12.00,DB01036
28:36.32,DB01037
24:06.06,DB01039
92:20.00,DB01041
10:00.00,DB01042
28:92.00,DB01043
52:04.04,DB01044
08:12.18,DB01044
08:16.04,DB01045
56:92.00,DB01046
84:06.00,DB01047
08:18.08.20,DB01048
12:16.00,DB01049
28:08.04.92,DB01050
08:12.16.04,DB01053
08:08.00,DB01058
52:04.04,DB01059
08:12.18,DB01059
08:12.16.08,DB01060
86:12.04,DB01062
12:12.08.04,DB01064
28:12.08,DB01068
28:24.92,DB01069
04:04.12,DB01069
08:18.08.08,DB01072
10:00.00,DB01073
04:04.04,DB01075
04:04.00,DB01075
24:06.08,DB01076
92:24.00,DB01077
92:00.00,DB01077
28:12.92,DB01080
08:12.02,DB01082
56:92.00,DB01083
52:40.20,DB01085
12:04.00,DB01085
84:08.00,DB01086
52:16.00,DB01086
08:30.08,DB01087
84:04.08.12,DB01091
92:00.00,DB01093
24:06.08,DB01095
92:36.00,DB01097
24:06.08,DB01098
28:16.08.92,DB01100
10:00.00,DB01101
28:16.04.20,DB01104
52:02.00,DB01106
20:12.04.16,DB01109
92:00.00,DB01109
84:04.08.08,DB01110
08:12.28.28,DB01111
08:12.06.08,DB01112
24:12.92,DB01113
04:04.20,DB01114
24:28.08,DB01115
08:30.92,DB01117
24:04.04.20,DB01118
24:08.20,DB01119
68:20.20,DB01120
68:20.20,DB01124
92:08.00,DB01126
10:00.00,DB01128
56:28.36,DB01129
84:06.00,DB01130
08:30.08,DB01131
68:20.28,DB01132
24:24.00,DB01136
08:12.18,DB01137
40:40.00,DB01138
08:12.06.04,DB01140
08:14.16,DB01141
84:08.00,DB01142
28:16.04.28,DB01142
08:12.16.12,DB01147
08:12.16,DB01147
86:12.04,DB01148
08:12.06.08,DB01150
28:16.04.28,DB01151
28:16.04.92,DB01156
24:04.04.20,DB01158
28:04.16,DB01159
76:00.00,DB01160
24:20.00,DB01162
40:34.00*,DB01164
40:12.00,DB01164
52:04.04,DB01165
08:12.18,DB01165
08:14.08,DB01167
10:00.00,DB01168
10:00.00,DB01169
28:16.04.12,DB01171
12:20.92,DB01173
28:12.04,DB01174
28:24.04,DB01174
28:16.04.20,DB01175
10:00.00,DB01177
84:92.00,DB01179
10:00.00,DB01181
24:04.04.12,DB01182
28:10.00,DB01183
56:32.00,DB01184
84:04.08.20,DB01188
28:04.16,DB01189
84:04.04,DB01190
08:12.28.20,DB01190
28:08.08,DB01192
24:24.00,DB01193
52:40.12,DB01194
24:04.04.12,DB01195
10:00.00,DB01196
24:32.04,DB01197
28:24.92,DB01198
28:36.20.04,DB01200
28:12.92,DB01202
24:24.00,DB01203
10:00.00,DB01204
28:92.00,DB01205
10:00.00,DB01206
52:40.08,DB01210
08:12.12.92,DB01211
08:12.06.12,DB01212
92:12.00,DB01213
92:08.00,DB01216
84:92.00,DB01216
10:00.00,DB01217
12:20.08,DB01219
08:12.28.30,DB01220
28:04.00,DB01221
28:04.92,DB01221
68:04.00,DB01222
52:08.00,DB01222
56:36.00,DB01222
52:08.08,DB01222
86:16.00,DB01223
28:16.08.04,DB01224
20:12.04.16,DB01225
10:00.00,DB01229
08:18.08.08,DB01232
56:32.00,DB01233
68:04.00,DB01234
52:08.00,DB01234
52:08.08,DB01234
28:04.16,DB01236
28:16.08.04,DB01238
48:48.00,DB01240
24:06.06,DB01241
28:16.04.28,DB01242
04:04.12,DB01246
10:00.00,DB01248
36:68.00,DB01249
56:36.00,DB01250
76:00.00,DB01253
10:00.00,DB01254
28:20.04,DB01255
84:04.04,DB01256
92:32.00,DB01257
10:00.00,DB01259
84:06.00,DB01260
68:20.05,DB01261
08:14.08,DB01263
08:18.08.08,DB01264
08:18.32,DB01265
84:04.06,DB01266
28:16.08.04,DB01267
10:00.00,DB01268
10:00.00,DB01269
52:92.00,DB01270
44:00.00,DB01271
44:00.00,DB01272
12:92.00,DB01273
24:08.20,DB01275
68:20.06,DB01276
44:00.00,DB01279
10:00.00,DB01280
92:36.00,DB01281
92:44.00,DB01281
76:00.00,DB01282
68:04.00,DB01284
36:04.00,DB01284
68:28.00,DB01284
56:04.00,DB01294
56:08.00,DB01294
86:16.00,DB01303
68:20.08,DB01306
68:20.08,DB01307
68:20.08,DB01309
08:18.08.08,DB01319
28:12.12,DB01320
92:01.00*,DB01323
08:12.06.04,DB01327
08:12.07.12,DB01331
12:20.20,DB01337
12:20.20,DB01339
24:32.04,DB01340
40:18.18,DB01344
88:29.00*,DB01345
40:12.00,DB01345
28:28.00,DB01356
36:68.00,DB01362
92:01.00*,DB01363
12:12.00,DB01363
12:12.12,DB01364
92:01.00*,DB01364
12:12.00,DB01364
28:36.32,DB01367
56:04.00,DB01373
88:29.00*,DB01373
40:12.00,DB01373
88:12.00,DB01373
88:29.00*,DB01377
88:29.00*,DB01378
88:28.00,DB01378
68:04.00,DB01380
40:08.00,DB01390
56:04.00,DB01390
40:34.00*,DB01390
92:92.00,DB01392
24:06.06,DB01393
92:16.00,DB01394
12:04.00,DB01400
28:16.08.24,DB01403
92:01.00*,DB01404
68:08.00,DB01406
12:08.08,DB01409
68:04.00,DB01410
52:08.08,DB01410
08:12.06.16,DB01413
08:12.06.12,DB01416
20:12.04.08,DB01418
68:08.00,DB01420
08:30.04,DB01421
24:06.04,DB01432
88:16.00,DB01436
84:08.00,DB01438
28:24.08,DB01558
28:24.92,DB01563
28:20.04,DB01576
56:14.00,DB01586
10:00.00,DB01590
86:12.04,DB01591
20:04.00,DB01592
20:04.04,DB01592
88:29.00*,DB01592
88:29.00*,DB01593
40:12.00,DB01593
28:24.08,DB01595
28:08.04.92,DB01600
08:12.16,DB01605
28:16.08.24,DB01608
64:00.00,DB01609
08:18.32,DB01610
08:30.08,DB01611
28:16.08.24,DB01622
28:16.08.32,DB01623
28:16.08.32,DB01624
56:12.00,DB01638
48:32.00,DB01656
84:04.92,DB01718
84:08.00,DB01744
84:24.04,DB01744
88:08.00,DB01783
84:92.00,DB02300
84:04.92,DB02325
10:00.00,DB02546
88:08.00,DB02701
52:04.04,DB02703
84:04.04,DB02703
08:12.28.92,DB02703
52:40.20,DB03128
88:08.00,DB03247
52:16.00,DB03255
92:00.00,DB03255
28:08.04.92,DB03585
92:92.00,DB03619
40:08.00,DB03754
84:28.00,DB03904
40:28.12,DB03904
52:04.92,DB04209
84:24.12,DB04398
84:04.92,DB04398
10:00.00,DB04572
36:68.00,DB04711
84:04.08.92,DB04815
08:18.08.04,DB04835
48:08.00,DB04837
92:92.00,DB04839
28:32.92,DB04841
04:04.16,DB04841
28:92.00,DB04844
92:16.00,DB04854
24:04.04.20,DB04855
24:24.00,DB04861
10:00.00,DB04868
52:02.00,DB04890
28:92.00,DB04908
08:12.06,DB04918
24:28.08,DB04920
84:04.12,DB04930
20:12.20,DB04932
48:02.00,DB04951
84:92.00,DB05013
92:92.00,DB05018
12:12.08.12,DB05039
10:00.00,DB05109
84:06.00,DB05219
10:00.00,DB05239
84:04.92,DB05245
92:20.00,DB05259
28:36.20.08,DB05271
80:04.00,DB05276
10:00.00,DB05294
20:16.00,DB05332
56:28.36,DB05351
36:36.00,DB05381
36:89.00*,DB05381
92:01.00*,DB05382
88:29.00*,DB05382
84:04.92,DB05382
28:12.92,DB05541
10:00.00,DB05578
92:36.00,DB05676
92:20.00,DB05679
84:92.00,DB05679
10:00.00,DB05773
10:00.00,DB05812
10:00.00,DB05889
56:92.00,DB05990
10:00.00,DB06043
08:12.12,DB06145
92:12.00,DB06151
24:12.92,DB06152
28:32.92,DB06153
92:44.00,DB06168
10:00.00,DB06176
10:00.00,DB06186
92:32.00,DB06196
28:12.92,DB06201
68:20.05,DB06203
28:08.08,DB06204
92:12.00,DB06206
12:16.04.12,DB06207
20:12.18,DB06209
20:16.00,DB06210
40:28.28,DB06212
28:16.08.04,DB06216
24:04.04.20,DB06217
28:12.92,DB06218
20:12.04.14,DB06228
84:92.00,DB06243
36:89.00*,DB06261
92:36.00,DB06273
92:22.00,DB06285
68:24.08,DB06285
10:00.00,DB06287
08:18.40.20,DB06290
68:20.18,DB06292
10:00.00,DB06317
68:20.05,DB06335
10:00.00,DB06366
08:12.28.16,DB06402
48:48.00,DB06403
92:32.00,DB06404
08:18.08.16,DB06414
56:92.00,DB06480
10:00.00,DB06589
10:00.00,DB06595
48:10.20,DB06602
20:12.04.14,DB06605
10:00.00,DB06607
92:44.00,DB06612
08:18.28,DB06614
10:00.00,DB06616
10:00.00,DB06626
08:14.08,DB06636
92:92.00,DB06637
92:24.00,DB06643
10:00.00,DB06650
28:36.32,DB06654
68:20.06,DB06655
68:29.04,DB06663
92:36.00,DB06674
28:16.04.24,DB06684
28:04.16,DB06690
20:28.16,DB06692
04:00.00,DB06694
52:32.00,DB06694
20:12.04.12,DB06695
28:92.00,DB06698
92:00.00,DB06698
10:00.00,DB06699
92:40.00,DB06699
28:16.04.16,DB06700
86:12.04,DB06702
36:89.00*,DB06703
36:89.00*,DB06709
52:32.00,DB06711
68:36.08,DB06715
48:16.00,DB06715
88:29.00*,DB06715
56:22.92,DB06717
56:22.32,DB06717
10:00.00,DB06719
92:00.00,DB06719
44:00.00,DB06720
56:04.00,DB06723
84:04.92,DB06723
56:04.00,DB06724
88:29.00*,DB06724
40:12.00,DB06724
20:12.04.16,DB06754
88:04.00,DB06755
56:16.00,DB06756
92:92.00,DB06756
88:29.00*,DB06757
40:12.00,DB06757
48:36.00,DB06761
52:32.00,DB06764
40:04.00,DB06767
10:00.00,DB06769
52:04.04,DB06771
10:00.00,DB06772
84:24.04,DB06774
40:10.00,DB06775
20:12.04.16,DB06779
52:08.08,DB06781
64:00.00,DB06782
92:40.00,DB06785
92:92.00,DB06791
40:18.19,DB06792
52:02.00,DB06794
08:36.00,DB06799
56:92.00,DB06800
52:08.20,DB06802
20:16.00,DB06809
24:16.00,DB06811
40:36.00,DB06812
84:04.92,DB06812
10:00.00,DB06813
84:28.00,DB06815
84:04.92,DB06815
08:18.08.12,DB06817
20:12.04.16,DB06822
10:00.00,DB06825
84:04.92,DB08604
20:12.04.16,DB08813
28:16.08.04,DB08815
20:12.18,DB08816
52:40.28,DB08819
48:14.12,DB08820
24:32.08,DB08822
64:00.00,DB08826
24:06.92,DB08827
10:00.00,DB08828
08:18.08.16,DB08864
10:00.00,DB08865
68:12.00,DB08867
92:20.00,DB08868
68:30.04,DB08869
10:00.00,DB08870
10:00.00,DB08871
08:12.12.92,DB08874
10:00.00,DB08875
44:00.00,DB08876
10:00.00,DB08877
92:44.00,DB08879
92:20.00,DB08880
10:00.00,DB08881
68:20.05,DB08882
28:12.92,DB08883
36:89.00*,DB08884
10:00.00,DB08885
52:92.00,DB08885
10:00.00,DB08886
24:06.92,DB08887
52:92.00,DB08888
10:00.00,DB08889
56:92.00,DB08890
86:12.08.12,DB08893
92:36.00,DB08895
10:00.00,DB08896
12:08.08,DB08897
10:00.00,DB08899
56:92.00,DB08900
10:00.00,DB08901
92:36.00,DB08904
56:92.00,DB08904
52:08.08,DB08906
68:20.18,DB08907
28:92.00,DB08908
10:00.00,DB08910
10:00.00,DB08911
10:00.00,DB08912
10:00.00,DB08916
28:16.04.92,DB08918
08:18.08.92,DB08930
48:48.00,DB08931
48:48.00,DB08932
08:18.92,DB08934
10:00.00,DB08935
36:68.00,DB08947
88:30.00*,DB08949
88:08.00,DB08949
28:08.92,DB08976
56:12.00,DB09020
24:32.40,DB09026
84:92.00,DB09029
20:12.18,DB09030
56:92.00,DB09033
28:24.92,DB09034
10:00.00,DB09035
92:44.00,DB09036
10:00.00,DB09037
68:20.18,DB09038
92:92.00,DB09039
84:04.08.08,DB09040
08:12.28.24,DB09042
68:20.92,DB09043
68:20.06,DB09045
52:04.04,DB09047
56:92.00,DB09049
44:00.00,DB09051
10:00.00,DB09052
10:00.00,DB09053
10:00.00,DB09054
80:04.00,DB09057
10:00.00,DB09063
92:92.00,DB09065
28:16.04.24,DB09068
28:92.00,DB09072
10:00.00,DB09073
10:00.00,DB09074
20:12.04.14,DB09075
12:08.08,DB09076
10:00.00,DB09077
10:00.00,DB09078
48:02.00,DB09079
12:12.08.12,DB09080
24:04.92,DB09083
52:28.00,DB09084
52:08.20,DB09084
84:08.00,DB09085
34:00.00,DB09085
28:04.00,DB09085
72:00.00,DB09085
52:16.00,DB09085
12:08.08,DB09089
56:32.00,DB09089
56:92.00,DB09090
84:92.00,DB09094
84:28.00,DB09096
92:00.00,DB09097
68:36.04,DB09100
08:18.08.12,DB09101
08:18.40.24,DB09102
56:04.00,DB09104
84:24.12,DB09104
56:12.00,DB09104
84:24.00,DB09104
44:00.00,DB09105
40:12.00,DB09106
20:16.00,DB09107
20:28.16,DB09109
92:56.00,DB09110
92:12.00,DB09112
48:36.00,DB09113
28:12.92,DB09118
28:12.92,DB09119
28:08.04.92,DB09120
08:18.20,DB09122
68:32.00,DB09123
40:12.00,DB09125
68:18.00,DB09126
28:16.08.04,DB09128
88:29.00*,DB09129
88:28.00,DB09129
40:12.00,DB09129
88:29.00*,DB09130
40:12.00,DB09130
36:68.00,DB09132
36:68.00,DB09133
36:68.00,DB09134
92:00.00,DB09140
92:92.00,DB09140
20:28.08,DB09141
36:34.00,DB09142
40:50.00*,DB09145
20:12.04.12,DB09145
52:92.00,DB09145
40:36.00,DB09145
24:12.92,DB09145
92:92.00,DB09145
40:18.19,DB09146
92:00.00,DB09152
92:92.00,DB09152
40:50.00*,DB09153
52:92.00,DB09153
40:36.00,DB09153
92:00.00,DB09153
92:92.00,DB09153
40:12.00,DB09153
48:92.00,DB09153
56:04.00,DB09154
20:12.04.92,DB09154
56:92.00,DB09154
92:00.00,DB09155
92:92.00,DB09155
36:68.00,DB09156
92:00.00,DB09157
36:89.00*,DB09157
92:92.00,DB09157
36:58.00,DB09158
20:28.16,DB09222
92:12.00,DB09241
36:36.00,DB09241
92:00.00,DB09241
40:18.18,DB09263
20:28.92,DB09264
68:20.06,DB09265
88:30.00*,DB09270
56:92.00,DB09272
60:00.00,DB09276
56:04.00,DB09278
56:10.00,DB09278
56:12.00,DB09287
08:18.08.20,DB09299
12:08.08,DB09300
24:06.24,DB09302
24:06.24,DB09303
20:28.16,DB09310
56:12.00,DB09311
92:00.00,DB09312
84:24.12,DB09321
84:24.16,DB09321
84:80.00,DB09321
88:29.00*,DB09322
84:92.00,DB09322
34:00.00,DB09325
92:00.00,DB09325
52:28.00,DB09325
20:28.16,DB09329
10:00.00,DB09330
10:00.00,DB09331
92:92.00,DB09337
40:20.00,DB09341
36:18.00,DB09341
36:26.00,DB09341
40:34.00*,DB09341
92:00.00,DB09341
84:08.00,DB09345
84:28.00,DB09353
36:18.00,DB09374
36:44.00,DB09374
36:68.00,DB09374
68:16.04,DB09381
68:12.00,DB09389
40:12.00,DB09395
40:34.00*,DB09407
88:29.00*,DB09407
40:12.00,DB09413
36:60.00,DB09421
40:20.00,DB09422
84:24.12,DB09462
56:12.00,DB09462
40:36.00,DB09462
48:01.00*,DB09462
36:89.00*,DB09462
24:32.04,DB09477
34:00.00,DB09484
84:80.00,DB09496
92:12.00,DB09499
88:29.00*,DB09499
56:10.00,DB09512
20:04.04,DB09517
84:50.04,DB09526
84:80.00,DB09535
84:12.00,DB09536
84:80.00,DB09536
28:08.04.24,DB09543
10:00.00,DB09559
68:20.08.16,DB09564
10:00.00,DB09570
80:12.00,DB10276
80:12.00,DB10318
80:12.00,DB10343
92:01.00*,DB10344
92:05.00*,DB10351
92:05.00*,DB10366
92:05.00*,DB10370
92:05.00*,DB10379
92:05.00*,DB10385
92:05.00*,DB10389
92:05.00*,DB10394
92:05.00*,DB10399
92:05.00*,DB10400
92:05.00*,DB10401
92:05.00*,DB10403
92:05.00*,DB10404
92:05.00*,DB10499
92:01.00*,DB10532
80:08.00,DB10583
36:28.00,DB10584
80:08.00,DB10584
92:01.00*,DB10658
92:01.00*,DB10687
80:12.00,DB10769
80:12.00,DB10803
80:12.00,DB10804
80:12.00,DB10805
92:05.00*,DB10949
92:05.00*,DB10955
92:00.00,DB10955
92:05.00*,DB10957
92:00.00,DB10957
92:05.00*,DB10958
92:00.00,DB10958
92:05.00*,DB10959
92:01.00*,DB10984
80:12.00,DB10989
92:05.00*,DB11028
92:05.00*,DB11033
92:00.00,DB11033
80:12.00,DB11050
84:24.12,DB11057
56:12.00,DB11057
84:24.12,DB11058
28:20.00,DB11059
52:13.00*,DB11059
52:92.00,DB11059
52:13.00*,DB11060
52:92.00,DB11060
52:13.00*,DB11061
52:13.00*,DB11063
34:00.00,DB11072
52:04.92,DB11073
52:28.00,DB11073
56:10.00,DB11074
84:24.12,DB11074
84:92.00,DB11074
84:04.12,DB11074
52:13.00*,DB11075
52:92.00,DB11075
36:89.00*,DB11075
52:92.00,DB11077
28:08.04.24,DB11079
84:12.00,DB11081
34:00.00,DB11081
84:28.00,DB11082
84:32.00,DB11082
84:08.00,DB11086
56:12.00,DB11089
88:16.00,DB11094
56:12.00,DB11097
92:01.00*,DB11097
84:24.12,DB11100
92:01.00*,DB11100
36:89.00*,DB11104
84:04.92,DB11105
84:24.12,DB11112
48:01.00*,DB11114
84:80.00,DB11115
40:12.00,DB11119
68:36.00,DB11119
84:04.92,DB11121
84:04.92,DB11123
12:12.12,DB11124
84:04.92,DB11125
88:29.00*,DB11126
40:12.00,DB11126
88:29.00*,DB11127
40:12.00,DB11127
28:08.08,DB11130
88:29.00*,DB11132
88:29.00*,DB11135
88:29.00*,DB11136
84:04.92,DB11155
08:08.00,DB11156
36:89.00*,DB11182
56:16.00,DB11193
56:10.00,DB11198
56:16.00,DB11198
92:01.00*,DB11198
84:04.92,DB11218
84:80.00,DB11219
84:04.92,DB11222
56:12.00,DB11228
52:92.00,DB11228
52:04.92,DB11254
48:48.00,DB11362
10:00.00,DB11363
56:12.00,DB11365
92:01.00*,DB11365
44:00.00,DB11563
84:92.00,DB11569
84:80.00,DB11570
20:28.16,DB11572
84:12.00,DB11573
36:40.00,DB11577
84:24.12,DB11579
10:00.00,DB11581
08:18.40.20,DB11586
04:08.00,DB11591
52:04.92,DB11594
84:04.92,DB11594
10:00.00,DB11595
80:04.00,DB11597
20:12.04.12,DB11598
04:00.00,DB11601
36:84.00,DB11601
80:04.00,DB11603
80:12.00,DB11603
80:04.00,DB11604
20:28.16,DB11606
20:28.16,DB11607
20:28.16,DB11608
52:08.92,DB11611
04:08.00,DB11614
80:04.00,DB11621
56:12.00,DB11622
56:16.01*,DB11622
80:12.00,DB11627
24:04.92,DB11644
52:40.28,DB11660
10:00.00,DB11703
10:00.00,DB11714
10:00.00,DB11730
92:36.00,DB11767
84:92.00,DB11776
10:00.00,DB11793
92:44.00,DB11817
68:20.18,DB11827
10:00.00,DB11828
84:92.00,DB11834
92:22.00,DB11866
10:00.00,DB11901
10:00.00,DB11945
10:00.00,DB11963
92:40.00,DB11979
10:00.00,DB11986
92:20.00,DB11988
10:00.00,DB12001
40:10.20,DB12023
08:18.08.08,DB12070
56:08.00,DB12095
10:00.00,DB12130
10:00.00,DB12141
10:00.00,DB12147
84:92.00,DB12159
28:92.00,DB12243
10:00.00,DB12267
86:12.04,DB12278
08:18.08.16,DB12301
92:20.00,DB12371
76:00.00,DB12789
84:92.00,DB12808
20:28.16,DB12909
84:04.04,DB12924
10:00.00,DB12941
88:29.00*,DB12982
56:16.00,DB13147
20:28.16,DB13151
20:28.16,DB13152
08:18.00,DB13156
08:18.92,DB13156
84:06.00,DB13158
92:92.00,DB13161
44:00.00,DB13173
88:30.00*,DB13178
88:08.00,DB13178
20:28.16,DB13192
92:01.00*,DB13196
28:24.92,DB13196
20:04.04,DB13257
88:29.00*,DB13257
56:16.00,DB13281
44:00.00,DB13281
56:10.00,DB13761
56:16.00,DB13761
44:00.00,DB13761
84:04.92,DB13813
56:16.00,DB13853
52:92.00,DB13853
10:00.00,DB13874
20:28.16,DB13884
80:04.00,DB13886
92:05.00*,DB13904
52:04.92,DB13908
56:04.00,DB13909
56:08.00,DB13909
52:92.00,DB13910
34:00.00,DB13911
12:08.08,DB13913
10:00.00,DB13915
20:28.92,DB13923
80:12.00,DB13924
68:20.06,DB13928
20:28.16,DB13933
68:08.00,DB13943
68:08.00,DB13944
68:08.00,DB13946
68:16.04,DB13956
40:12.00,DB13962
84:24.12,DB13964
84:20.00,DB13964
28:08.92,DB13965
84:04.12,DB13966
36:89.00*,DB13967
16:00.00,DB13968
20:28.16,DB13968
92:01.00*,DB13974
92:01.00*,DB13975
20:28.16,DB13998
20:28.16,DB13999
88:20.00,DB14001
88:20.00,DB14003
40:92.00,DB14012
40:28.00,DB14018
28:32.12,DB14039
28:32.12,DB14042
40:18.18,DB14048
92:05.00*,DB14163
92:01.00*,DB14235
92:01.00*,DB14239
92:01.00*,DB14240
92:01.00*,DB14274
92:01.00*,DB14303
92:01.00*,DB14360
92:01.00*,DB14375
88:20.00,DB14476
88:12.00,DB14482
88:04.00,DB14483
88:12.00,DB14483
20:04.00,DB14488
20:04.04,DB14488
88:29.00*,DB14488
20:04.04,DB14491
88:29.00*,DB14491
40:12.00,DB14498
88:29.00*,DB14500
40:12.00,DB14500
28:28.00,DB14507
28:28.00,DB14509
68:04.00,DB14512
84:06.00,DB14512
52:08.08,DB14512
88:29.00*,DB14513
88:28.00,DB14513
84:24.12,DB14533
34:00.00,DB14533
52:92.00,DB14533
84:06.00,DB14539
56:36.00,DB14539
52:08.08,DB14539
84:06.00,DB14544
92:92.00,DB14582
92:32.00,DB14597
52:08.00,DB14631
52:08.08,DB14631
56:12.00,DB14684
92:01.00*,DB14691
20:00.00,DB14700
10:00.00,DB14707
28:92.00,DB14713
10:00.00,DB14723
08:12.28.28,DB00781
12:12.12,DB14752
92:01.00*,DB14752
12:12.00,DB14752
84:92.00,DB14762
52:92.00,DB14864
92:36.00,DB15091
80:12.00,DB15483
52:08.00,DB15566
52:08.08,DB15566
